rank,concept,display_name,entity_type,frequency,seasons_appeared,category_breadth,avg_clue_value,first_seen,last_seen,importance_global,importance_within_type
1,australia,Australia,GPE,501,41,369,559.2814371257485,1984-10-11,2025-07-02,0.9991056579880211,0.9991056579880211
2,china,China,GPE,485,41,376,454.8453608247423,1984-09-26,2025-05-27,0.9976551065660637,0.9976551065660637
3,chicago,Chicago,GPE,472,41,376,581.9915254237288,1984-11-09,2025-07-08,0.9956923183054639,0.9956923183054639
4,france,France,GPE,457,41,366,510.0656455142232,1984-09-13,2025-06-09,0.9920765677993229,0.9920765677993229
5,japan,Japan,GPE,459,41,363,460.3485838779956,1984-11-26,2024-10-25,0.9920003334225216,0.9920003334225216
6,spain,Spain,GPE,428,41,332,553.7383177570093,1984-09-12,2025-07-03,0.9827020996825317,0.9827020996825317
7,california,California,GPE,420,41,334,487.6190476190476,1984-09-17,2025-07-18,0.9816251199021817,0.9816251199021817
8,india,India,GPE,425,41,326,551.7647058823529,1984-09-14,2025-07-17,0.9813264553654966,0.9813264553654966
9,mexico,Mexico,GPE,384,41,297,505.2083333333333,1985-03-18,2024-12-16,0.9695692225959581,0.9695692225959581
10,canada,Canada,GPE,369,41,298,540.9214092140921,1984-10-02,2025-01-22,0.9668521904845703,0.9668521904845703
11,new york,New York,GPE,363,41,296,544.6280991735537,1984-12-11,2025-07-01,0.9653483823522044,0.9653483823522044
12,alaska,Alaska,GPE,378,41,253,446.5608465608466,1984-09-17,2025-06-06,0.9608087356572088,0.9608087356572088
13,florida,Florida,GPE,348,41,263,554.8850574712644,1984-10-04,2025-05-08,0.9566815883018583,0.9566815883018583
14,italy,Italy,GPE,350,41,260,561.7142857142857,1984-11-14,2025-01-30,0.9565499033771819,0.9565499033771819
15,hawaii,Hawaii,GPE,352,41,245,405.39772727272725,1984-09-19,2025-05-08,0.9541368414023201,0.9541368414023201
16,texas,Texas,GPE,335,41,264,574.3283582089553,1984-09-17,2025-04-08,0.9541139321621981,0.9541139321621981
17,ireland,Ireland,GPE,317,41,269,525.2365930599369,1984-11-20,2025-07-24,0.9510199844903524,0.9510199844903524
18,brazil,Brazil,GPE,331,41,251,674.0181268882175,1984-10-05,2025-07-15,0.9508466911181939,0.9508466911181939
19,paris,Paris,GPE,320,41,258,534.375,1985-01-14,2025-07-01,0.9497149456534075,0.9497149456534075
20,germany,Germany,GPE,303,41,258,540.9240924092409,1984-10-08,2025-01-20,0.9457758353344374,0.9457758353344374
21,egypt,Egypt,GPE,315,41,239,547.936507936508,1984-12-12,2025-04-10,0.9449428623916181,0.9449428623916181
22,thomas jefferson,Thomas Jefferson,PERSON,329,41,223,514.5896656534954,1984-09-26,2025-04-08,0.944788887235739,0.9986072900331836
23,south africa,South Africa,GPE,309,41,244,646.6019417475728,1984-12-12,2024-12-06,0.9445390229155937,0.9445390229155937
24,greece,Greece,GPE,310,41,240,557.0967741935484,1985-02-15,2025-05-29,0.9439866689924701,0.9439866689924701
25,london,London,GPE,293,41,246,472.6962457337884,1985-01-16,2025-07-08,0.9410907286186991,0.9410907286186991
26,russia,Russia,GPE,291,41,243,571.1340206185567,1984-12-14,2025-06-06,0.9400134606573183,0.9400134606573183
27,sweden,Sweden,GPE,296,41,233,692.5675675675676,1984-12-04,2025-07-17,0.9392456945775284,0.9392456945775284
28,new orleans,New Orleans,GPE,291,41,235,494.15807560137455,1984-10-04,2024-12-02,0.9384227087653054,0.9384227087653054
29,boston,Boston,GPE,299,41,225,529.7658862876254,1984-10-12,2025-06-30,0.9383133323801787,0.9383133323801787
30,ronald reagan,Ronald Reagan,PERSON,294,41,229,479.59183673469386,1984-11-05,2025-07-18,0.9379338089629911,0.9912167257802653
31,richard nixon,Richard Nixon,PERSON,301,41,220,508.30564784053155,1984-09-18,2025-06-26,0.9377267814288205,0.9909508120360949
32,san francisco,San Francisco,GPE,274,41,232,544.5255474452555,1985-02-18,2025-05-07,0.9334699505918916,0.9334699505918916
33,switzerland,Switzerland,GPE,279,41,206,560.573476702509,1984-11-14,2025-03-13,0.9291283570027624,0.9291283570027624
34,virginia,Virginia,GPE,268,41,212,592.9104477611941,1984-10-01,2025-04-24,0.9275904721291817,0.9275904721291817
35,philadelphia,Philadelphia,GPE,263,41,207,534.9809885931559,1984-10-08,2025-05-20,0.925098727874841,0.925098727874841
36,georgia,Georgia,GPE,264,41,197,706.060606060606,1984-09-20,2025-05-08,0.9230213002279771,0.9230213002279771
37,maine,Maine,GPE,285,40,203,671.2280701754386,1984-09-17,2025-06-04,0.9212166051119192,0.9212166051119192
38,mississippi,Mississippi,GPE,253,41,194,573.9130434782609,1984-10-12,2025-06-23,0.9192236547610755,0.9192236547610755
39,norway,Norway,GPE,247,41,199,694.331983805668,1985-01-04,2025-06-17,0.9187011988386709,0.9187011988386709
40,julius caesar,Julius Caesar,PERSON,244,41,192,477.04918032786884,1984-10-12,2025-07-21,0.916120083748664,0.9674267705714311
41,massachusetts,Massachusetts,GPE,242,41,194,599.5867768595041,1984-09-24,2025-05-26,0.9160186452050665,0.9160186452050665
42,andrew jackson,Andrew Jackson,PERSON,254,41,176,751.9685039370079,1984-10-03,2025-03-18,0.914886610736798,0.9660011646826032
43,cuba,Cuba,GPE,239,41,189,582.8451882845188,1984-09-28,2025-04-18,0.9138798491290142,0.9138798491290142
44,napoleon,Napoleon,PERSON,251,40,205,492.82868525896413,1984-10-09,2025-05-13,0.9125199906297892,0.9643181837408991
45,colorado,Colorado,GPE,242,41,179,566.9421487603306,1985-01-30,2025-07-07,0.9121991562601994,0.9121991562601994
46,portugal,Portugal,GPE,241,41,173,695.0207468879668,1985-02-13,2025-06-10,0.9102829121625542,0.9102829121625542
47,mercury,Mercury,ORG,246,41,155,586.5853658536586,1984-11-09,2025-07-15,0.9065525911292072,1.0
48,red,red,CONCEPT,220,41,173,436.8181818181818,1984-09-28,2025-07-16,0.9037115034010348,1.0
49,george washington,George Washington,PERSON,245,40,175,366.9387755102041,1984-11-22,2025-06-09,0.9032650531065043,0.9541377342458273
50,woodrow wilson,Woodrow Wilson,PERSON,232,41,147,697.4137931034483,1985-01-08,2024-11-28,0.8998164505735842,0.9495051071925157
51,winston churchill,Winston Churchill,PERSON,202,41,163,491.08910891089107,1985-01-28,2025-05-16,0.8947369119413062,0.944115925668306
52,africa,Africa,LOC,210,41,151,458.57142857142856,1984-09-14,2025-05-02,0.8939091226035399,0.9938292201120669
53,benjamin franklin,Benjamin Franklin,PERSON,208,41,152,453.36538461538464,1984-09-12,2025-07-09,0.8935325742834859,0.9427398011410207
54,abraham lincoln,Abraham Lincoln,PERSON,222,40,163,405.4054054054054,1984-10-01,2024-11-13,0.89278930757862,0.9427272101080749
55,antarctica,Antarctica,LOC,211,41,145,422.2748815165877,1984-11-06,2025-04-29,0.8923296079443623,0.9919231576414504
56,hamlet,Hamlet,WORK_OF_ART,201,41,155,552.2388059701492,1984-09-19,2025-03-12,0.8919930144615702,1.0
57,mars,Mars,LOC,221,40,156,536.1990950226244,1984-09-12,2025-03-14,0.8903824537111167,0.99125
58,venus,Venus,LOC,204,41,138,541.6666666666666,1984-09-12,2025-04-22,0.8875544237869313,0.9862561425811704
59,moon,Moon,CONCEPT,197,40,165,424.3654822335025,1984-09-17,2025-05-21,0.8847599339755402,0.9792723239453274
60,blue,blue,CONCEPT,187,41,146,504.27807486631013,1984-11-20,2025-06-05,0.8839578125856994,0.976811763230718
61,henry viii,Henry VIII,PERSON,177,41,154,553.6723163841808,1985-01-04,2025-05-29,0.8825296716783011,0.930846518555076
62,mark twain,Mark Twain,PERSON,182,41,144,489.010989010989,1984-09-18,2025-07-08,0.8813527373651935,0.9295029203857349
63,gold,gold,CONCEPT,193,40,156,430.0518134715026,1984-10-11,2025-06-23,0.880622586109737,0.9744168332220446
64,jimmy carter,Jimmy Carter,PERSON,196,40,147,483.6734693877551,1984-11-02,2025-06-26,0.8789165163201158,0.9276069272375506
65,cleopatra,Cleopatra,PERSON,197,40,144,437.0558375634518,1985-01-16,2025-01-31,0.8783058627900926,0.9269246179297693
66,edgar allan poe,Edgar Allan Poe,PERSON,174,41,122,602.2988505747127,1984-10-10,2025-06-30,0.8702648002935822,0.9173313623605757
67,macbeth,Macbeth,PERSON,165,41,121,632.7272727272727,1985-04-23,2025-07-02,0.8660530825819142,0.9127650432905633
68,marilyn monroe,Marilyn Monroe,PERSON,149,41,141,516.1073825503356,1984-09-10,2025-03-25,0.8659598471611372,0.9128234080187322
69,jupiter,Jupiter,LOC,168,41,113,655.3571428571429,1984-11-05,2025-04-15,0.8641133269614121,0.9584934662177116
70,horse,horse,CONCEPT,152,41,131,512.5,1984-11-23,2025-06-02,0.863908780566048,0.9532730661260735
71,ernest hemingway,Ernest Hemingway,PERSON,177,40,123,591.5254237288135,1985-02-08,2025-07-14,0.8631316769747838,0.9103395773977755
72,teddy roosevelt,Teddy Roosevelt,PERSON,167,40,132,613.1736526946107,1984-12-10,2025-06-04,0.8622894814354465,0.9095016948009057
73,sun,Sun,CONCEPT,163,40,136,490.79754601226995,1985-01-22,2024-12-03,0.8619589795264561,0.9525068442359232
74,harry truman,Harry Truman,PERSON,186,39,130,527.9569892473119,1984-10-05,2025-01-01,0.8605729074693429,0.9083470953974483
75,heart,heart,CONCEPT,175,39,139,481.7142857142857,1985-01-07,2025-02-14,0.8593547907689131,0.9509730464600836
76,john adams,John Adams,PERSON,169,40,120,572.7810650887574,1984-10-02,2024-07-04,0.8586340450508407,0.9054467237574285
77,green,green,CONCEPT,178,39,133,414.0449438202247,1984-11-27,2025-06-19,0.8584881713934646,0.9499579093150367
78,iron,iron,CONCEPT,151,41,116,635.7615894039735,1984-09-28,2025-05-01,0.8576779326223007,0.9459628711358032
79,herbert hoover,Herbert Hoover,PERSON,155,41,110,736.7741935483871,1985-01-02,2025-06-26,0.857046295744075,0.9029191227775759
80,apple,apple,ORG,152,40,136,444.07894736842104,1985-01-07,2025-04-08,0.8569328933614603,0.9440194657048115
81,world war i,World War I,EVENT,145,41,119,494.48275862068965,1984-10-30,2025-06-17,0.8559705328797458,0.9993646253925307
82,fish,fish,CONCEPT,153,40,129,590.1960784313726,1984-11-02,2025-01-02,0.8549018576808187,0.9442222481958692
83,columbia,Columbia,ORG,163,40,115,717.7914110429448,1985-10-23,2025-07-10,0.8540191235386982,0.9402377037382412
84,titanic,Titanic,WORK_OF_ART,137,41,123,424.0875912408759,1984-09-21,2025-05-14,0.8534556859880701,0.9538032796794671
85,lincoln,Lincoln,ORG,160,39,139,481.875,1984-11-05,2025-03-24,0.8529061154450991,0.9407453436548163
86,john f. kennedy,John F. Kennedy,PERSON,165,39,132,456.3636363636364,1984-10-26,2025-07-18,0.8526724979552761,0.8998134794511389
87,water,water,CONCEPT,164,39,131,413.4146341463415,1985-02-11,2025-01-09,0.8518749425867862,0.9421923905403551
88,rice,rice,CONCEPT,150,40,120,479.3333333333333,1984-12-26,2025-02-07,0.8500542162808966,0.9385335559330134
89,charles dickens,Charles Dickens,PERSON,152,40,114,577.6315789473684,1985-10-11,2025-05-06,0.8485798907437039,0.8945131584418367
90,moses,Moses,PERSON,154,40,111,483.76623376623377,1984-09-20,2025-05-14,0.8482587173182901,0.8941378659616106
91,amazon,Amazon,ORG,147,41,95,476.8707482993197,1984-09-25,2025-02-13,0.8463074820138221,0.9296028088753719
92,silver,silver,CONCEPT,146,40,112,550.6849315068494,1985-01-08,2024-06-07,0.844846632562284,0.9324219581337644
93,dylan thomas,Dylan Thomas,PERSON,134,41,106,689.5522388059702,1984-11-02,2025-06-25,0.844828413635294,0.8896589087495107
94,eisenhower,Eisenhower,PERSON,153,39,121,601.9607843137255,1984-09-18,2025-07-02,0.8431211162421769,0.8893867834206557
95,andrew johnson,Andrew Johnson,PERSON,148,40,104,622.972972972973,1984-10-26,2025-06-26,0.8423210991168709,0.88764470190137
96,white,white,CONCEPT,191,36,144,422.5130890052356,1984-09-11,2025-06-18,0.8410782330188695,0.9340847761155836
97,elvis presley,Elvis Presley,PERSON,141,39,127,371.63120567375887,1984-10-02,2025-03-31,0.8395391656190296,0.8855609043452837
98,beethoven,Beethoven,PERSON,149,40,96,598.6577181208054,1985-02-19,2025-07-15,0.8390236976275339,0.883993243077082
99,gerald ford,Gerald Ford,PERSON,140,40,105,597.1428571428571,1984-09-18,2025-03-07,0.8387783380392468,0.883820809698733
100,solomon,Solomon,PERSON,133,41,92,609.7744360902255,1985-05-30,2024-09-12,0.8375986957592017,0.8816880777427503
101,golf,golf,CONCEPT,153,39,107,447.7124183006536,1984-09-21,2025-01-08,0.837304761143991,0.9250934395412019
102,marie antoinette,Marie Antoinette,PERSON,122,41,103,560.655737704918,1985-03-05,2025-05-09,0.8367323826467473,0.8808678687456459
103,alexander the great,Alexander the Great,PERSON,146,39,112,514.3835616438356,1984-10-02,2025-07-16,0.836096632562284,0.8817047677651608
104,harvard,Harvard,ORG,137,40,102,459.8540145985401,1984-09-28,2024-05-10,0.8358514625544062,0.9190812305530831
105,4,4,CONCEPT,162,37,133,479.01234567901236,1984-09-13,2023-02-16,0.8342096787655856,0.9244974165500793
106,tea,tea,CONCEPT,142,39,109,407.7464788732394,1984-09-12,2024-06-06,0.8328155046268668,0.9198202798442066
107,3,3,CONCEPT,187,35,150,474.331550802139,1984-09-24,2025-05-07,0.8327389133591957,0.925814663051028
108,david,David,PERSON,158,38,111,603.1645569620254,1985-04-03,2025-05-08,0.8326032057670496,0.8786338986596662
109,joan of arc,Joan of Arc,PERSON,128,40,105,453.90625,1985-01-02,2025-06-02,0.832339228920314,0.8768526596100839
110,amelia earhart,Amelia Earhart,PERSON,133,40,99,385.7142857142857,1985-04-15,2025-04-04,0.8323116340712653,0.8767616673575014
111,queen victoria,Queen Victoria,PERSON,126,40,106,454.76190476190476,1984-12-07,2025-05-09,0.8316561378397872,0.876123296189244
112,charles lindbergh,Charles Lindbergh,PERSON,128,40,103,403.90625,1985-02-26,2024-04-15,0.8314302845301894,0.8758490522635829
113,madonna,Madonna,PERSON,132,39,118,423.4848484848485,1984-09-18,2025-04-07,0.8313200953096517,0.8765900635667008
114,richard iii,Richard III,PERSON,127,40,100,794.488188976378,1985-01-21,2025-07-21,0.8294701896997932,0.8736972071957122
115,othello,Othello,WORK_OF_ART,125,40,100,679.2,1984-09-14,2025-02-24,0.8283301306210807,0.9253958994240209
116,german,German,NORP,129,41,79,505.4263565891473,1985-02-14,2025-07-22,0.8282197667691269,0.9780235509880033
117,elephant,elephant,CONCEPT,123,40,98,496.7479674796748,1984-11-29,2023-11-23,0.8262174352573584,0.9105521413880755
118,alexander hamilton,Alexander Hamilton,PERSON,131,39,105,518.3206106870228,1985-01-11,2025-05-28,0.8252534919936185,0.8699036595104714
119,nile,Nile,LOC,156,38,94,446.79487179487177,1984-10-12,2025-07-24,0.8238313815767399,0.9155410248454046
120,ford,Ford,ORG,122,39,110,519.672131147541,1985-02-22,2025-06-16,0.8223407088359749,0.9050667562470766
121,oxygen,oxygen,CONCEPT,121,40,92,598.3471074380166,1984-11-09,2024-12-18,0.8220569444764627,0.9056698743997369
122,robert frost,Robert Frost,PERSON,134,40,78,666.4179104477612,1984-11-19,2025-07-04,0.8216016381676461,0.8649244344837254
123,william faulkner,William Faulkner,PERSON,144,38,100,860.4166666666666,1985-10-25,2025-05-14,0.8209977557563455,0.8659664833572683
124,civil war,Civil War,EVENT,146,37,117,395.8904109589041,1984-12-05,2025-04-22,0.8206626755002286,0.9639737601427432
125,agatha christie,Agatha Christie,PERSON,125,40,85,450.4,1985-12-23,2025-06-27,0.8206583319461764,0.8639926940905603
126,mozart,Mozart,PERSON,140,39,86,641.4285714285714,1985-01-24,2025-05-16,0.8206025277567429,0.8646633386267695
127,salt,salt,CONCEPT,122,39,104,523.7704918032787,1984-09-14,2025-01-24,0.8196890190278366,0.904407622663075
128,blood,blood,CONCEPT,111,40,99,449.54954954954957,1984-11-26,2025-06-26,0.8193287397723594,0.9024616327942315
129,basketball,basketball,CONCEPT,131,39,92,487.0229007633588,1984-09-27,2025-04-10,0.8190100699013618,0.9036174827287378
130,paul revere,Paul Revere,PERSON,116,40,90,410.3448275862069,1984-11-28,2025-07-22,0.8179901461336359,0.8611645758060994
131,margaret thatcher,Margaret Thatcher,PERSON,122,39,100,459.0163934426229,1984-09-27,2025-03-19,0.8178356545142696,0.8618256769129564
132,george bernard shaw,George Bernard Shaw,PERSON,126,39,95,733.3333333333334,1984-11-19,2025-03-11,0.8177296435820234,0.8616576905673208
133,lead,lead,CONCEPT,114,41,75,600.0,1984-10-01,2024-12-03,0.8168966876802709,0.898095993387605
134,liberty bell,Liberty Bell,ORG,100,41,91,550.0,1984-09-13,2025-06-16,0.8166161324456866,0.8954270137795536
135,casablanca,Casablanca,WORK_OF_ART,110,40,92,501.8181818181818,1984-09-17,2025-02-04,0.8152165392129065,0.9096748384479469
136,peter pan,Peter Pan,WORK_OF_ART,99,41,86,426.26262626262627,1985-04-04,2025-04-28,0.813229294146753,0.9055528507272725
137,french,French,NORP,143,38,84,532.8671328671329,1984-10-05,2024-04-30,0.8122668573803148,0.9652444253857791
138,thames,Thames,LOC,112,40,83,433.92857142857144,1984-10-01,2025-07-01,0.8116524117910706,0.8980585606628528
139,liver,liver,CONCEPT,135,38,90,677.7777777777778,1985-10-25,2025-06-05,0.8113838015567109,0.8961884551226486
140,piano,piano,WORK_OF_ART,109,41,71,599.0825688073395,1984-09-17,2025-03-17,0.8110987372258127,0.9029543097514751
141,yellow,yellow,CONCEPT,123,39,85,530.8943089430894,1984-12-04,2023-12-14,0.81075003115001,0.8939217422541872
142,corn,corn,CONCEPT,121,39,87,456.198347107438,1984-11-20,2025-06-17,0.8106699123670045,0.8938262886604663
143,midsummer night's dream,Midsummer Night's Dream,WORK_OF_ART,111,40,82,763.063063063063,1984-09-24,2025-07-02,0.8104374393067775,0.9039243682425538
144,rhine,Rhine,LOC,111,40,78,737.8378378378378,1984-12-05,2025-07-23,0.8080805090076764,0.8937872228176824
145,hydrogen,hydrogen,CONCEPT,113,40,74,661.9469026548672,1985-01-01,2025-06-10,0.8068823993363455,0.8878620305840212
146,coal,coal,CONCEPT,109,39,94,555.9633027522935,1985-04-10,2024-07-18,0.8068267190377595,0.8893083966835243
147,buddhism,Buddhism,NORP,123,39,77,608.130081300813,1984-10-08,2025-04-30,0.8060909052167126,0.9544733060590895
148,statue of liberty,Statue of Liberty,CONCEPT,114,39,85,357.89473684210526,1984-09-10,2025-07-22,0.805295315450006,0.887515860113637
149,coffee,coffee,CONCEPT,116,38,99,437.0689655172414,1984-11-14,2025-01-03,0.8049904761211284,0.8886746971450816
150,6,6,CONCEPT,114,38,98,546.4912280701755,1984-09-13,2025-01-08,0.8032627195573545,0.8866462592475255
151,islam,Islam,NORP,125,38,84,451.2,1984-09-11,2024-04-19,0.8026002187104718,0.9527551275160409
152,united nations,United Nations,ORG,112,38,99,424.10714285714283,1984-11-02,2024-02-05,0.8024722307234302,0.8832857409151809
153,carbon,carbon,CONCEPT,102,40,77,661.7647058823529,1984-09-14,2025-01-03,0.8014083356576598,0.8814310994830284
154,copper,copper,CONCEPT,109,39,82,683.4862385321101,1985-03-04,2025-01-17,0.800383039055709,0.8817491119750078
155,black,black,CONCEPT,131,36,108,489.31297709923666,1984-09-12,2024-01-03,0.8003352473874087,0.8862541629322992
156,danube,Danube,LOC,105,40,71,681.9047619047619,1984-11-23,2025-01-02,0.7996672360284707,0.88379449151525
157,pope,pope,NORP,122,37,96,491.8032786885246,1984-09-24,2025-02-17,0.7984073866003679,0.9502568388724393
158,tempest,Tempest,WORK_OF_ART,111,38,91,727.927927927928,1986-02-10,2025-07-21,0.797849924677212,0.892331807398332
159,indian ocean,Indian Ocean,LOC,101,40,71,645.5445544554456,1985-10-25,2025-06-18,0.7968825752050746,0.8805273901965598
160,hercules,Hercules,NORP,106,39,77,566.9811320754717,1984-11-09,2025-05-16,0.7954164694542536,0.9406819342718475
161,eagle,eagle,ORG,106,38,90,547.1698113207547,1984-12-03,2025-03-10,0.794022252817372,0.8733426831318952
162,coca-cola,Coca-Cola,ORG,106,38,88,414.1509433962264,1984-09-18,2025-07-09,0.7929618061166473,0.8720674580899686
163,pocahontas,Pocahontas,WORK_OF_ART,105,38,88,519.047619047619,1987-02-19,2024-11-27,0.7922820616357314,0.8856573216442757
164,yale,Yale,ORG,112,38,77,472.32142857142856,1984-09-19,2025-05-14,0.7906161173728192,0.8690283410531334
165,neptune,Neptune,ORG,115,38,73,669.5652173913044,1985-02-07,2025-07-11,0.7900009052831682,0.8681836658586474
166,don quixote,Don Quixote,WORK_OF_ART,90,40,66,396.6666666666667,1985-02-14,2025-07-11,0.7851872142004159,0.8736395230936495
167,notre dame,Notre Dame,ORG,111,37,83,462.1621621621622,1985-03-29,2025-04-23,0.7847589208399999,0.8637926137224489
168,champagne,champagne,WORK_OF_ART,86,39,66,426.74418604651163,1984-10-04,2025-05-20,0.7731830818527188,0.8609935132106371
169,princeton,Princeton,ORG,95,38,67,562.1052631578947,1984-09-28,2025-07-01,0.7722663290420164,0.8476145420636726
170,gone with the wind,Gone with the Wind,WORK_OF_ART,101,36,87,413.86138613861385,1984-09-17,2025-07-11,0.7714582070790308,0.8641749868066781
171,twelfth night,Twelfth Night,WORK_OF_ART,85,38,76,981.1764705882352,1985-01-04,2025-07-09,0.770234371706257,0.8592241952250005
172,love,love,WORK_OF_ART,97,36,86,514.4329896907217,1984-11-20,2024-10-31,0.7680167746002057,0.8600518492317496
173,cats,Cats,WORK_OF_ART,88,37,82,535.2272727272727,1984-09-12,2025-06-16,0.7675471744021543,0.8577518114448145
174,john paul jones,John Paul Jones,EVENT,89,38,64,592.1348314606741,1985-01-30,2025-07-07,0.7654411767982181,0.890645771135537
175,david copperfield,David Copperfield,WORK_OF_ART,92,37,72,742.3913043478261,1985-10-15,2025-06-24,0.7646036538727395,0.8541953004893748
176,1984,1984,WORK_OF_ART,86,37,77,580.2325581395348,1984-10-04,2025-07-11,0.7629370121618467,0.8522166235529764
177,hinduism,Hinduism,NORP,98,37,62,603.0612244897959,1986-05-07,2025-01-17,0.7620995824967358,0.9021580771568605
178,invisible man,Invisible Man,WORK_OF_ART,85,37,75,630.5882352941177,1984-09-20,2025-07-17,0.760860596318291,0.8497240830366857
179,13,13,EVENT,87,37,70,502.2988505747126,1984-11-08,2025-04-30,0.7592774748630211,0.8851950843003652
180,pinocchio,Pinocchio,WORK_OF_ART,67,40,59,494.02985074626866,1985-03-19,2024-12-24,0.7588299964215748,0.8420555120305695
181,dracula,Dracula,WORK_OF_ART,89,36,79,507.86516853932585,1985-09-30,2025-04-03,0.7578493405940305,0.847857731998175
182,war of 1812,War of 1812,EVENT,89,37,64,576.4044943820224,1985-02-21,2024-10-16,0.7566911767982182,0.881895771135537
183,romeo and juliet,Romeo and Juliet,WORK_OF_ART,85,37,66,432.94117647058823,1984-09-20,2025-07-21,0.7548461678456009,0.842491517933687
184,exodus,Exodus,WORK_OF_ART,94,35,79,451.06382978723406,1984-10-02,2025-03-12,0.753013388681373,0.8437938259862281
185,buddha,Buddha,NORP,89,36,66,577.5280898876405,1985-10-03,2024-06-17,0.749387291637809,0.8884584009932697
186,wings,wings,WORK_OF_ART,86,35,76,568.6046511627907,1985-03-28,2023-06-27,0.7448212857133749,0.8339761905019506
187,genesis,Genesis,WORK_OF_ART,83,35,74,424.09638554216866,1985-04-01,2025-07-16,0.7410251329880293,0.8294246088247061
188,great gatsby,Great Gatsby,WORK_OF_ART,75,37,58,602.6666666666666,1985-05-10,2025-07-15,0.7398298666122596,0.8244811797679826
189,gettysburg,Gettysburg,EVENT,85,35,62,562.3529411764706,1986-09-22,2025-05-09,0.7344087398323007,0.8582557664635803
190,benedict arnold,Benedict Arnold,EVENT,75,36,56,492.0,1984-10-09,2024-04-29,0.7294342505145157,0.8493884505356731
191,korean war,Korean War,EVENT,64,36,58,629.6875,1986-04-17,2025-07-25,0.7197616219642282,0.8369411628996024
192,zeus,Zeus,NORP,67,36,52,502.9850746268657,1984-10-10,2024-07-12,0.717910435053049,0.8471444806409065
193,thomas paine,Thomas Paine,EVENT,73,35,53,745.2054794520548,1986-10-14,2024-12-13,0.7161736888540315,0.8348547807006906
194,aztecs,Aztecs,NORP,65,36,44,503.0769230769231,1985-03-15,2021-06-25,0.7079412203501174,0.8338134237633722
195,bastille,Bastille,EVENT,61,35,47,485.24590163934425,1986-04-16,2025-05-13,0.6977448887411777,0.8111939006123937
196,president,president,UNKNOWN,29,19,29,368.9655172413793,1985-12-05,2023-09-27,0.4827649739472227,0.95
197,opal,opal,UNKNOWN,27,22,14,888.8888888888889,1985-11-20,2025-01-15,0.47094473178546814,0.9258197120374634
198,polonius,Polonius,UNKNOWN,21,20,17,880.952380952381,1985-09-10,2025-06-17,0.4446865117404718,0.8736963158361832
199,1969,1969,UNKNOWN,21,16,18,628.5714285714286,1985-12-27,2023-05-30,0.4122664988489012,0.812020991395029
200,newspaper,newspaper,UNKNOWN,20,15,20,410.0,1987-07-15,2024-04-10,0.4049246062536549,0.7977223969238773
