work_id,qid,title,medium,year,metacritic,rt_score,wins_oscar,wins_bafta,noms_oscar,noms_bafta,tspdt_rank,letterboxd_rank
W00311,,Ikiru,film,1952.0,,,,,,,106.0,
W00313,Q20475,Yojimbo,film,1961.0,93.0,96.0,,,1.0,,377.0,
W00315,,Tokyo Story,film,1953.0,,,,,,,4.0,
W00316,Q743203,Late Spring,film,1949.0,93.0,100.0,,,,,55.0,
W00324,,Amarcord,film,1973.0,,,,,,,77.0,
W00325,,Bicycle Thieves,film,1948.0,,,,,,,15.0,
W00326,Q651982,Umberto D.,film,1952.0,92.0,97.0,,,1.0,,224.0,
W00327,,"Rome, Open City",film,1945.0,,,,,,,145.0,
W00335,,L'Avventura,film,1960.0,,,,,,,38.0,
W00337,Q325662,"Aguirre, the Wrath of God",film,1972.0,,96.0,,,,,108.0,
W00338,,Fitzcarraldo,film,1982.0,,,,,,,379.0,
W00339,,The Battle of Algiers,film,1966.0,,,,,,,60.0,
W00340,Q51520,The Passion of Joan of Arc,film,1928.0,98.0,98.0,,,,,19.0,
W00341,,Children of Paradise,film,1945.0,,,,,,,,
W00343,,Playtime,film,1967.0,,,,,,,45.0,
W00344,Q1346590,Mon Oncle,film,1958.0,,94.0,1.0,,2.0,,396.0,
W00345,,Au Hasard Balthazar,film,1966.0,,,,,,,32.0,
W00347,,A Man Escaped,film,1956.0,,,,,,,84.0,
W00348,Q1856418,Rififi,film,1955.0,97.0,92.0,,,,,,
W00350,,Belle de Jour,film,1967.0,,,,,,,261.0,
W00351,,The Discreet Charm of the Bourgeoisie,film,1972.0,,,,,,,172.0,
W00352,Q852841,Viridiana,film,1961.0,,97.0,,,,,81.0,
W00353,,Los Olvidados,film,1950.0,,,,,,,135.0,
W00355,,Come and See,film,1985.0,,,,,,,109.0,
W00356,Q200437,Stalker,film,1979.0,85.0,100.0,,,,,49.0,
W00359,,Ivan's Childhood,film,1962.0,,,,,,,452.0,
W00361,,Ashes and Diamonds,film,1958.0,,,,,,,242.0,
W00362,,The Double Life of Veronique,film,1991.0,,,,,,,351.0,
W00363,,Three Colors: Red,film,1994.0,,,,,,,298.0,
W00365,,In the Mood for Love,film,2000.0,,,,,,,17.0,
W00366,,Chungking Express,film,1994.0,,,,,,,161.0,
W00367,Q665146,Raise the Red Lantern,film,1991.0,,97.0,,1.0,2.0,,500.0,
W00368,,Farewell My Concubine,film,1993.0,,,,,,,697.0,
W00369,,The Spirit of the Beehive,film,1973.0,,,,,,,111.0,
W00370,Q39571,My Neighbor Totoro,film,1988.0,87.0,93.0,,,,,162.0,
W00373,Q274520,Grave of the Fireflies,film,1988.0,,100.0,,,,,472.0,
W00375,,Y Tu Mama Tambien,film,2001.0,,,,,,,656.0,
W00377,Q474098,Amores Perros,film,2000.0,83.0,93.0,,1.0,2.0,,844.0,
W00378,,The Earrings of Madame de...,film,1953.0,,,,,,,,
W00380,,Knife in the Water,film,1962.0,,,,,,,,
W00381,Q1720765,Shoah,film,1985.0,99.0,100.0,,,,,66.0,
W00383,,The Gospel According to St. Matthew,film,1964.0,,,,,,,149.0,
W00385,,Yi Yi,film,2000.0,,,,,,,118.0,
W00386,,A Brighter Summer Day,film,1991.0,,,,,,,117.0,
W00389,,Elevator to the Gallows,film,1958.0,,,,,,,979.0,
W00390,,Rocco and His Brothers,film,1960.0,,,,,,,200.0,
W00342,,Beauty and the Beast,film,1946.0,,,,,,,,
W00334,,M,film,1931.0,,,,,,,53.0,
W00364,Q39071378,Blue,film,1993.0,,,,1.0,,1.0,554.0,
W00382,,Z,film,1969.0,,,,,,,958.0,
W00829,Q18547944,The Martian,film,2015.0,80.0,91.0,,,7.0,,,
W00834,Q207698,Kingdom of Heaven,film,2005.0,63.0,56.0,,,,,,
W00202,,All Quiet on the Western Front,film,1930.0,,,,,,,815.0,
W00100,Q29387886,Avatar,film,2009.0,,,,,,,895.0,
W00328,,The Seventh Seal,film,1957.0,,,,,,,88.0,
W00384,Q1963079,Naked,film,1993.0,85.0,88.0,,,,,438.0,
W00358,,The Mirror,film,1975.0,,,,,,,23.0,
W00844,Q32433,Lincoln,film,2012.0,87.0,90.0,2.0,,12.0,,,
W00841,Q222018,Total Recall,film,1990.0,60.0,81.0,,,2.0,,,
W00354,,The Leopard,film,1963.0,,,,,,,,
W00835,Q208204,Finding Neverland,film,2004.0,67.0,83.0,1.0,,7.0,,,
W00314,,Ran,film,1985.0,,,,,,,183.0,
W00209,Q696057,Around the World in 80 Days,film,1956.0,69.0,72.0,5.0,,8.0,,,
W00101,,The Matrix,film,1999.0,,,,,,,,
W00329,,Wild Strawberries,film,1957.0,,,,,,,62.0,
W00839,Q22001133,The Favourite,film,2018.0,91.0,93.0,1.0,,3.0,,,
W00840,Q221852,Fahrenheit 9/11,film,2004.0,67.0,82.0,,,,,,
W00002,Q132689,Casablanca,film,1942.0,100.0,99.0,3.0,,8.0,,37.0,
W00212,,CODA,film,2021.0,,,,,,,,
W00379,,The 39 Steps,film,1935.0,,,,,,,,
W00205,Q190956,Amadeus,film,1984.0,87.0,90.0,8.0,3.0,11.0,,320.0,
W00333,Q151599,Metropolis,film,1927.0,98.0,97.0,,,,,72.0,
W00330,Q695255,Persona,film,1966.0,86.0,91.0,,,1.0,,16.0,
W00320,,Contempt,film,1963.0,,,,,,,44.0,
W00004,Q309153,Singin' in the Rain,film,1952.0,99.0,100.0,,,2.0,,11.0,
W00012,Q17738,Star Wars,film,1977.0,90.0,94.0,20.0,4.0,20.0,,137.0,
W00215,,Chicago,film,2002.0,,,,,,,,
W00346,,Pickpocket,film,1959.0,,,,,,,92.0,
W00811,Q105806948,Napoleon,film,2023.0,64.0,58.0,,,,,188.0,
W00822,Q152531,Zero Dark Thirty,film,2012.0,95.0,91.0,1.0,,5.0,,,
W00823,Q156911,Wings of Desire,film,1987.0,79.0,95.0,,,1.0,,213.0,
W00862,Q56850065,Space Jam: A New Legacy,film,2021.0,36.0,44.0,,,,,,
W00876,Q84362533,Elvis,film,2022.0,64.0,77.0,,,1.0,,,
W00218,,Crash,film,2004.0,,,,,,,517.0,
W00110,,Harry Potter and the Philosopher's Stone,film,2001.0,,,,,,,,
W00104,Q91540,Back to the Future,film,1985.0,88.0,92.0,1.0,,3.0,,233.0,
W00017,Q850159,The General,film,1926.0,,92.0,,,,,,
W00003,Q220780,Raging Bull,film,1980.0,90.0,92.0,2.0,,8.0,,35.0,
W00014,Q103474,2001: A Space Odyssey,film,1968.0,84.0,93.0,1.0,1.0,4.0,2.0,3.0,
W00008,Q2531983,Vertigo,film,1958.0,,,,,,,2.0,
W00349,,Diabolique,film,1955.0,,,,,,,775.0,
W00357,,Andrei Rublev,film,1966.0,,,,,,,28.0,
W00336,,Blow-Up,film,1966.0,,,,,,,125.0,
W00310,,Rashomon,film,1950.0,,,,,,,25.0,
W00112,Q17738,Star Wars: Episode IV – A New Hope,film,1977.0,90.0,94.0,20.0,4.0,20.0,,,
W00227,,Fargo,film,1996.0,,,,,,,265.0,
W00025,Q866120,Mr. Smith Goes to Washington,film,1939.0,73.0,97.0,1.0,,11.0,,639.0,
W00128,Q164103,A Beautiful Mind,film,2001.0,72.0,74.0,4.0,,8.0,,,
W00102,,Gladiator,film,2000.0,,,,,,,,
W00234,,Gigi,film,1958.0,,,,,,,,
W00200,,A Man and a Woman,film,1966.0,,,,,,,,
W00016,Q217627,The Graduate,film,1967.0,83.0,89.0,1.0,,7.0,,,
W00833,Q18754959,Steve Jobs,film,2015.0,82.0,85.0,,,2.0,,,
W00846,Q330663,My Name Is Khan,film,2010.0,50.0,83.0,,,,,,
W00849,Q395411,Agora,film,2009.0,55.0,57.0,,,,,,
W00880,Q918769,Extremely Loud and Incredibly Close,film,2011.0,46.0,56.0,,,2.0,,,
W00027,Q200299,All About Eve,film,1950.0,98.0,99.0,6.0,,14.0,,134.0,
W00309,Q189540,Seven Samurai,film,1954.0,98.0,100.0,,,2.0,,10.0,
W00114,,Harry Potter and the Chamber of Secrets,film,2002.0,,,,,,,,
W00113,,The Avengers,film,2012.0,,,,,,,,
W00230,,Gandhi,film,1982.0,,,,,,,,
W00071,Q172241,The Shawshank Redemption,film,1994.0,82.0,89.0,,,7.0,,449.0,
W00323,Q18402,La Strada,film,1954.0,,98.0,1.0,,3.0,,75.0,
W00211,,Breaking Away,film,1979.0,,,,,,,,
W00106,,Jurassic Park,film,1993.0,,,,,,,524.0,
W00318,,Jules and Jim,film,1962.0,,,,,,,,
W00321,,8½,film,1963.0,,,,,,,,
W00208,,Argo,film,2012.0,,,,,,,,
W00222,,"Divorce, Italian Style",film,1961.0,,,,,,,,
W00115,,Braveheart,film,1995.0,,,,,,,,
W00116,Q41483,"The Good, the Bad and the Ugly",film,1966.0,90.0,97.0,,,,,156.0,
W00107,,The Terminator,film,1984.0,,,,,,,562.0,
W00243,Q10448,Her,film,2013.0,,,,,,,,
W00203,,All the King's Men,film,1950.0,,,,,,,,
W00046,Q212129,A Streetcar Named Desire,film,1951.0,97.0,97.0,4.0,,12.0,,748.0,
W00206,,An American in Paris,film,1951.0,,,,,,,940.0,
W00322,,La Dolce Vita,film,1960.0,,,,,,,33.0,
W00233,,Ghost,film,1990.0,,,,,,,,
W00374,,Pan's Labyrinth,film,2006.0,,,,,,,466.0,
W00005,Q2875,Gone with the Wind,film,1939.0,97.0,90.0,8.0,,13.0,,141.0,
W00225,,Eternal Sunshine of the Spotless Mind,film,2004.0,,,,,,,228.0,
W00241,,Hamlet,film,1948.0,,,,,,,,
W00105,,Fight Club,film,1999.0,,,,,,,492.0,
W00020,Q644987,Chinatown,film,1974.0,92.0,98.0,1.0,,11.0,,68.0,
W00000,Q24815,Citizen Kane,film,1941.0,100.0,99.0,1.0,,9.0,,1.0,
W00053,Q494085,M*A*S*H,film,1970.0,80.0,85.0,1.0,,5.0,,,
W00123,,Star Wars: Episode I – The Phantom Menace,film,1999.0,,,,,,,,
W00319,Q86427,Breathless,film,1960.0,,96.0,,,,,18.0,
W00312,,High and Low,film,1963.0,,,,,,,321.0,
W00033,Q134430,Snow White and the Seven Dwarfs,film,1937.0,96.0,97.0,,,1.0,,418.0,
W00843,Q282804,United 93,film,2006.0,90.0,90.0,,,2.0,,,
W00845,Q330113,March of the Penguins,film,2005.0,79.0,94.0,1.0,,,,,
W00869,Q632680,Remember Me,film,2010.0,40.0,45.0,,,,,,
W00034,Q233464,Annie Hall,film,1977.0,92.0,97.0,4.0,,5.0,,110.0,
W00256,Q201687,Milk,film,2008.0,83.0,93.0,2.0,,8.0,,,
W00103,,The Dark Knight,film,2008.0,,,,,,,648.0,
W00075,Q134773,Forrest Gump,film,1994.0,82.0,75.0,6.0,,13.0,,568.0,
W00261,,Mutiny on the Bounty,film,1935.0,,,,,,,,
W00223,,Dog Day Afternoon,film,1975.0,,,,,,,334.0,
W00232,Q25136235,Get Out,film,2017.0,85.0,98.0,1.0,,4.0,,345.0,
W00214,,Chariots of Fire,film,1981.0,,,,,,,,
W00264,Q141359,Oliver!,film,1968.0,,90.0,5.0,,11.0,,,
W00108,Q25188,Inception,film,2010.0,74.0,87.0,4.0,,8.0,,,
W00360,Q125772,Solaris,film,1972.0,93.0,93.0,,,,,217.0,
W00139,,300,film,2006.0,,,,,,,,
W00055,Q189505,Jaws,film,1975.0,87.0,97.0,3.0,,4.0,,82.0,
W00121,,Harry Potter and the Order of the Phoenix,film,2007.0,,,,,,,,
W00127,,Avengers: Infinity War,film,2018.0,,,,,,,,
W00045,Q208632,It Happened One Night,film,1934.0,87.0,98.0,5.0,,5.0,,354.0,
W00043,Q498822,The Philadelphia Story,film,1940.0,,100.0,2.0,,6.0,,333.0,
W00001,Q47703,The Godfather,film,1972.0,100.0,97.0,3.0,,11.0,,,
W00848,Q392825,Jobs,film,2013.0,44.0,51.0,,,,,,
W00879,Q918401,Nanook of the North,film,1922.0,,100.0,,,,,316.0,
W00009,Q193695,The Wizard of Oz,film,1939.0,92.0,98.0,1.0,,6.0,,115.0,
W00307,,Rules of the Game,film,1939.0,,,,,,,5.0,
W00317,,The 400 Blows,film,1959.0,,,,,,,,
W00331,,Fanny and Alexander,film,1982.0,,,,,,,64.0,
W00332,,Scenes from a Marriage,film,1973.0,,,,,,,427.0,
W00371,,Spirited Away,film,2001.0,,,,,,,131.0,
W00372,,Princess Mononoke,film,1997.0,,,,,,,515.0,
W00388,Q538266,Black Orpheus,film,1959.0,81.0,88.0,1.0,,2.0,,,
W00007,Q483941,Schindler's List,film,1993.0,95.0,98.0,7.0,1.0,12.0,,251.0,
W00134,,Iron Man,film,2008.0,,,,,,,,
W00220,Q5355306,Darling,film,1965.0,,,,,,,,
W00387,,Central Station,film,1998.0,,,,,,,,
W00120,Q102225,Harry Potter and the Goblet of Fire,film,2005.0,81.0,88.0,,,1.0,2.0,,
W00308,,Grand Illusion,film,1937.0,,,,,,,61.0,
W00376,,City of God,film,2002.0,,,,,,,299.0,
W00030,Q221462,The Maltese Falcon,film,1941.0,97.0,99.0,,,3.0,,306.0,
W00066,Q325643,Who's Afraid of Virginia Woolf?,film,1966.0,75.0,96.0,5.0,,13.0,,857.0,
W00019,Q204191,It's a Wonderful Life,film,1946.0,89.0,94.0,,,5.0,,78.0,
W00863,Q587707,Abraham Lincoln: Vampire Hunter,film,2012.0,42.0,50.0,,,,,,
W00130,,Pirates of the Caribbean: At World's End,film,2007.0,,,,,,,,
W00238,,Grand Hotel,film,1932.0,,,,,,,,
W00131,,Star Wars: Episode III – Revenge of the Sith,film,2005.0,,,,,,,,
W00138,,Home Alone,film,1990.0,,,,,,,,
W00061,Q375855,American Graffiti,film,1973.0,97.0,95.0,,,5.0,,960.0,
W00015,Q193570,Sunset Boulevard,film,1950.0,94.0,98.0,3.0,,11.0,,,
W00111,,Interstellar,film,2014.0,,,,,,,,
W00040,Q160215,King Kong,film,2005.0,81.0,84.0,3.0,,4.0,,198.0,
W00062,Q918363,Cabaret,film,1972.0,80.0,92.0,8.0,,10.0,,296.0,
W00022,Q676039,The Grapes of Wrath,film,1940.0,96.0,100.0,2.0,,7.0,,226.0,
W00070,Q165817,Saving Private Ryan,film,1998.0,91.0,94.0,5.0,,11.0,,818.0,
W00082,Q44578,Titanic,film,1997.0,75.0,88.0,11.0,,14.0,,641.0,
W00854,Q511879,Becoming Jane,film,2007.0,55.0,60.0,,,,,,
W00877,Q867138,Dear John,film,2010.0,43.0,44.0,,,,,,
W00150,,Cars,film,2006.0,,,,,,,,
W00267,,Patton,film,1970.0,,,,,,,,
W00073,Q133654,The Silence of the Lambs,film,1991.0,86.0,95.0,5.0,2.0,7.0,,362.0,
W00018,Q211372,On the Waterfront,film,1954.0,91.0,99.0,8.0,,12.0,,204.0,
W00118,,Terminator 2: Judgment Day,film,1991.0,,,,,,,561.0,
W00262,,My Fair Lady,film,1964.0,,,,,,,,
W00072,Q232000,Butch Cassidy and the Sundance Kid,film,1969.0,66.0,89.0,3.0,,6.0,,534.0,
W00132,Q106316,Dead Poets Society,film,1989.0,79.0,84.0,1.0,2.0,4.0,6.0,982.0,
W00830,Q186014,Zeitgeist: The Movie,film,2007.0,,,,,,,,
W00028,Q478209,Double Indemnity,film,1944.0,95.0,97.0,,,7.0,,157.0,
W00026,Q245208,High Noon,film,1952.0,89.0,94.0,3.0,,6.0,,482.0,
W00273,,Rebecca,film,1940.0,,,,,,,606.0,
W00013,Q7256364,Psycho,film,1960.0,,,,,,,24.0,
W00109,,V for Vendetta,film,2005.0,,,,,,,,
W00093,Q104123,Pulp Fiction,film,1994.0,95.0,92.0,1.0,2.0,7.0,8.0,80.0,
W00021,Q190086,Some Like It Hot,film,1959.0,98.0,94.0,1.0,,6.0,,31.0,
W00076,Q466781,All the President's Men,film,1976.0,84.0,94.0,4.0,,8.0,,371.0,
W00156,Q217020,Thor,film,2011.0,57.0,77.0,,,,,,
W00035,Q188718,The Bridge on the River Kwai,film,1957.0,88.0,96.0,7.0,,8.0,,512.0,
W00201,Q218999,A Man for All Seasons,film,1966.0,72.0,89.0,6.0,,8.0,,,
W00866,Q615979,Time of the Gypsies,film,1988.0,,100.0,,,1.0,,871.0,
W00872,Q66823622,Blonde,film,2022.0,50.0,42.0,,,,,,
W00217,Q2304690,Coming Home,film,2006.0,,,,,,,,
W00246,Q1889498,Interrupted Melody,film,1955.0,,,1.0,,3.0,,,
W00149,,Inglourious Basterds,film,2009.0,,,,,,,823.0,
W00047,Q34414,Rear Window,film,1954.0,100.0,99.0,,,4.0,,40.0,
W00145,,Spider-Man,film,2002.0,,,,,,,,
W00236,,Good Will Hunting,film,1997.0,,,,,,,,
W00152,Q25139,American Beauty,film,1999.0,84.0,87.0,5.0,1.0,8.0,,972.0,
W00006,Q228186,Lawrence of Arabia,film,1962.0,100.0,93.0,7.0,,10.0,,48.0,
W00272,Q188845,Rain Man,film,1988.0,65.0,88.0,4.0,,8.0,,,
W00078,Q994481,The Wild Bunch,film,1969.0,98.0,91.0,,,2.0,,79.0,
W00068,Q221249,Tootsie,film,1982.0,88.0,91.0,1.0,1.0,9.0,,555.0,
W00874,Q816772,I'm Not There,film,2007.0,73.0,76.0,,,1.0,,,
W00875,Q828547,World Trade Center,film,2006.0,66.0,67.0,,,,,,
W00011,Q276769,The Searchers,film,1956.0,94.0,90.0,,,,,,
W00204,,Almost Famous,film,2000.0,,,,,,,,
W00245,,How the West Was Won,film,1962.0,,,,,,,,
W00216,,Cimarron,film,1931.0,,,,,,,,
W00148,Q109116,The Great Dictator,film,1940.0,,92.0,,,5.0,,210.0,
W00224,Q211373,Driving Miss Daisy,film,1989.0,81.0,85.0,4.0,,9.0,,,
W00024,Q177922,To Kill a Mockingbird,film,1962.0,88.0,93.0,3.0,,8.0,,483.0,
W00140,Q181795,Star Wars: Episode V – The Empire Strikes Back,film,1980.0,82.0,93.0,1.0,,3.0,,,
W00247,,Juno,film,2007.0,,,,,,,,
W00042,Q61696,Midnight Cowboy,film,1969.0,79.0,89.0,3.0,,7.0,,314.0,
W00032,Q171669,One Flew Over the Cuckoo's Nest,film,1975.0,84.0,93.0,5.0,2.0,9.0,,150.0,
W00056,Q188652,Rocky,film,1976.0,70.0,91.0,3.0,,9.0,,590.0,
W00265,,Ordinary People,film,1980.0,,,,,,,,
W00010,Q238211,City Lights,film,1931.0,99.0,95.0,,,,,26.0,
W00036,Q645094,The Best Years of Our Lives,film,1946.0,93.0,97.0,7.0,1.0,8.0,,229.0,
W00859,Q54801155,The King,film,2019.0,62.0,71.0,,,,,,
W00161,,Dr. No,film,1962.0,,,,,,,,
W00049,Q127367,The Lord of the Rings: The Fellowship of the Ring,film,2001.0,92.0,91.0,4.0,1.0,13.0,,591.0,
W00249,,Little Miss Sunshine,film,2006.0,,,,,,,,
W00226,,Everything Everywhere All at Once,film,2022.0,,,,,,,,
W00063,Q1301371,Network,film,1976.0,,,,,,,425.0,
W00154,,No Country for Old Men,film,2007.0,,,,,,,439.0,
W00141,,Harry Potter and the Deathly Hallows – Part 1,film,2010.0,,,,,,,,
W00029,Q182692,Apocalypse Now,film,1979.0,94.0,91.0,2.0,,8.0,,13.0,
W00258,,Moonlight,film,2016.0,,,,,,,215.0,
W00142,,Star Wars: Episode II – Attack of the Clones,film,2002.0,,,,,,,,
W00219,,Dances with Wolves,film,1990.0,,,,,,,,
W00151,,Parasite,film,2019.0,,,,,,,231.0,
W00119,,Avengers: Endgame,film,2019.0,,,,,,,,
W00248,,Kramer vs. Kramer,film,1979.0,,,,,,,,
W00254,,Melvin and Howard,film,1980.0,,,,,,,,
W00038,Q105702,Dr. Strangelove,film,1964.0,97.0,98.0,,2.0,4.0,3.0,,
W00137,,Alien,film,1979.0,,,,,,,352.0,
W00259,,Moonstruck,film,1987.0,,,,,,,,
W00057,Q214723,The Gold Rush,film,1925.0,90.0,98.0,,,2.0,,,
W00069,Q181086,A Clockwork Orange,film,1971.0,77.0,88.0,,,4.0,,105.0,
W00865,Q60795735,Leaving Neverland,film,2019.0,84.0,98.0,,,,,,
W00044,Q2800558,Shane,film,1953.0,,,,,,,507.0,
W00298,,The Sting,film,1973.0,,,,,,,,
W00144,Q181803,Star Wars: Episode VI – Return of the Jedi,film,1983.0,58.0,83.0,,,4.0,,,
W00242,,Hannah and Her Sisters,film,1986.0,,,,,,,538.0,
W00122,,Harry Potter and the Prisoner of Azkaban,film,2004.0,,,,,,,,
W00133,,Brokeback Mountain,film,2005.0,,,,,,,578.0,
W00207,,Anora,film,2024.0,,,,,,,,
W00146,,Avengers: Age of Ultron,film,2015.0,,,,,,,,
W00058,Q1424258,Nashville,film,1975.0,96.0,91.0,,,4.0,,90.0,
W00229,,From Here to Eternity,film,1953.0,,,,,,,,
W00250,Q107270,Lost in Translation,film,2003.0,91.0,95.0,1.0,3.0,4.0,7.0,415.0,
W00124,Q46717,Pirates of the Caribbean: The Curse of the Black Pearl,film,2003.0,63.0,79.0,,,4.0,,,
W00235,Q468877,Going My Way,film,1944.0,,83.0,6.0,,9.0,,,
W00266,,Out of Africa,film,1985.0,,,,,,,,
W00263,,Nomadland,film,2020.0,,,,,,,,
W00125,,Slumdog Millionaire,film,2008.0,,,,,,,,
W00126,,Harry Potter and the Half-Blood Prince,film,2009.0,,,,,,,,
W00171,,Troy,film,2004.0,,,,,,,,
W00810,Q105441000,Bad Luck Banging or Loony Porn,film,2021.0,74.0,90.0,,,1.0,,,
W00819,Q1339523,Courage Under Fire,film,1996.0,77.0,85.0,,,,,,
W00836,Q20992425,The Man Who Knew Infinity,film,2015.0,56.0,63.0,,,,,,
W00860,Q55615419,Judy,film,2019.0,66.0,82.0,1.0,,,,,
W00278,,Terms of Endearment,film,1983.0,,,,,,,,
W00037,Q251559,The Treasure of the Sierra Madre,film,1948.0,98.0,100.0,3.0,,4.0,,268.0,
W00213,Q753107,Cavalcade,film,1933.0,,66.0,3.0,,4.0,,,
W00260,Q478371,Mrs. Miniver,film,1942.0,,93.0,6.0,,12.0,,,
W00051,Q47221,Taxi Driver,film,1976.0,94.0,91.0,,,4.0,,14.0,
W00099,Q180098,Ben-Hur,film,1959.0,90.0,87.0,11.0,,12.0,,717.0,
W00253,Q237116,Marty,film,1955.0,,96.0,4.0,,8.0,,,
W00163,Q3023357,12 Years a Slave,film,2013.0,96.0,95.0,3.0,1.0,9.0,,,
W00031,Q184768,The Godfather Part II,film,1974.0,90.0,97.0,6.0,,11.0,,30.0,
W00129,,The Lord of the Rings: The Two Towers,film,2002.0,,,,,,,,
W00143,,The Departed,film,2006.0,,,,,,,,
W00147,,Life is Beautiful,film,1997.0,,,,,,,,
W00210,,Battleground,film,1950.0,,,,,,,,
W00157,,Die Hard,film,1988.0,,,,,,,506.0,
W00096,Q184843,Blade Runner,film,1982.0,84.0,89.0,,2.0,2.0,5.0,39.0,
W00251,,Manchester by the Sea,film,2016.0,,,,,,,,
W00059,Q1125566,Duck Soup,film,1933.0,,91.0,,,,,179.0,
W00023,Q11621,E.T. the Extra-Terrestrial,film,1982.0,92.0,99.0,4.0,1.0,9.0,8.0,123.0,
W00136,Q166262,Batman Begins,film,2005.0,70.0,85.0,,,1.0,,,
W00871,Q653056,Reign Over Me,film,2007.0,61.0,64.0,,,,,,
W00297,,The Shape of Water,film,2017.0,,,,,,,,
W00257,,Million Dollar Baby,film,2004.0,,,,,,,,
W00088,Q183063,The Sixth Sense,film,1999.0,64.0,86.0,,,6.0,,,
W00302,Q1645480,Wilson,film,1944.0,,,,,,,,
W00117,,The Lord of the Rings: The Return of the King,film,2003.0,,,,,,,959.0,
W00085,Q190643,Platoon,film,1986.0,92.0,89.0,4.0,2.0,8.0,,,
W00162,,The King's Speech,film,2010.0,,,,,,,,
W00288,,The Hospital,film,1971.0,,,,,,,,
W00080,Q108297,Spartacus,film,1960.0,87.0,94.0,4.0,,8.0,1.0,976.0,
W00153,,Skyfall,film,2012.0,,,,,,,,
W00155,,Harry Potter and the Deathly Hallows – Part 2,film,2011.0,,,,,,,,
W00135,,Pirates of the Caribbean: Dead Man's Chest,film,2006.0,,,,,,,,
W00172,,Django Unchained,film,2012.0,,,,,,,,
W00050,Q273704,West Side Story,film,1961.0,86.0,92.0,10.0,,11.0,,339.0,
W00221,,Designing Woman,film,1957.0,,,,,,,,
W00228,Q533638,Father Goose,film,1964.0,,80.0,1.0,,3.0,,,
W00816,Q1171197,The Promised Land,film,1975.0,,,,,2.0,,,
W00237,,Gosford Park,film,2001.0,,,,,,,,
W00183,,Coco,film,2017.0,,,,,,,,
W00177,,Peter Pan,film,1953.0,,,,,,,,
W00159,,Gravity,film,2013.0,,,,,,,,
W00184,,Birdman,film,2014.0,,,,,,,,
W00160,Q108839994,Oppenheimer,film,2023.0,90.0,93.0,4.0,1.0,,,,
W00244,,How Green Was My Valley,film,1941.0,,,,,,,366.0,
W00231,,Gentleman's Agreement,film,1947.0,,,,,,,,
W00041,Q181776,Bonnie and Clyde,film,1967.0,86.0,90.0,2.0,,10.0,,343.0,
W00168,,Amélie,film,2001.0,,,,,,,569.0,
W00239,Q48673898,Green Book,film,2018.0,69.0,77.0,3.0,,,,,
W00158,,Captain America: The First Avenger,film,2011.0,,,,,,,,
W00240,,Guess Who's Coming to Dinner,film,1967.0,,,,,,,,
W00048,Q192206,Intolerance,film,1916.0,99.0,98.0,,,,,129.0,
W00268,Q832487,Pillow Talk,film,1959.0,73.0,94.0,1.0,,5.0,,,
W00186,Q42759035,Joker,film,2019.0,59.0,73.0,2.0,,1.0,,,
W00275,,Spotlight,film,2015.0,,,,,,,,
W00079,Q270510,The Apartment,film,1960.0,94.0,94.0,5.0,,10.0,,,
W00064,Q384397,The African Queen,film,1951.0,91.0,96.0,1.0,,4.0,,899.0,
W00270,,Princess O'Rourke,film,1943.0,,,,,,,,
W00098,Q171048,Toy Story,film,1995.0,96.0,100.0,1.0,,2.0,,700.0,
W00281,,The Candidate,film,1972.0,,,,,,,,
W00083,Q503638,Easy Rider,film,1969.0,85.0,84.0,,,2.0,,599.0,
W00060,Q1065711,Sullivan's Travels,film,1942.0,,100.0,,,,,232.0,
W00164,Q23780734,Black Panther,film,2018.0,88.0,96.0,,,1.0,,,
W00090,Q165627,Sophie's Choice,film,1982.0,68.0,74.0,1.0,,5.0,,,
W00188,,Shakespeare in Love,film,1998.0,,,,,,,,
W00065,Q174284,Raiders of the Lost Ark,film,1981.0,86.0,94.0,4.0,,8.0,,174.0,
W00170,Q208108,Catch Me If You Can,film,2002.0,75.0,96.0,,,2.0,,,
W00271,,Promising Young Woman,film,2020.0,,,,,,,,
W00301,,Tom Jones,film,1963.0,,,,,,,,
W00054,Q223139,North by Northwest,film,1959.0,98.0,97.0,,,3.0,,57.0,
W00255,,Midnight in Paris,film,2011.0,,,,,,,,
W00284,Q63026,The English Patient,film,1996.0,86.0,86.0,9.0,1.0,12.0,,,
W00194,Q171861,The Artist,film,2011.0,89.0,95.0,5.0,,10.0,,,
W00299,Q132351,The Usual Suspects,film,1995.0,76.0,87.0,2.0,,2.0,,,
W00179,,The Pianist,film,2002.0,,,,,,,,
W00180,,Twilight,film,2008.0,,,,,,,,
W00074,Q622240,In the Heat of the Night,film,1967.0,76.0,96.0,5.0,,7.0,,,
W00091,Q42047,Goodfellas,film,1990.0,92.0,93.0,1.0,,6.0,,59.0,
W00252,,Marie-Louise,film,1944.0,,,,,,,,
W00827,Q1634319,Tchaikovsky,film,1970.0,,,,,3.0,,,
W00052,Q201674,The Deer Hunter,film,1978.0,90.0,86.0,5.0,,9.0,,159.0,
W00077,Q45602,Modern Times,film,1936.0,96.0,98.0,,,,,51.0,
W00295,Q315732,The Producers,film,1967.0,96.0,91.0,1.0,,2.0,,,
W00176,,The Shining,film,1980.0,,,,,,,,
W00039,Q60072,The Sound of Music,film,1965.0,63.0,83.0,5.0,,10.0,,532.0,
W00095,Q1141252,Do the Right Thing,film,1989.0,93.0,92.0,,,2.0,,71.0,
W00276,Q478780,Talk to Her,film,2002.0,86.0,91.0,1.0,,2.0,,484.0,
W00067,Q104137,Unforgiven,film,1992.0,85.0,96.0,4.0,1.0,9.0,5.0,300.0,
W00850,Q42689885,Tolkien,film,2019.0,48.0,58.0,,,,,,
W00165,,The Prestige,film,2006.0,,,,,,,,
W00173,,The Wolf of Wall Street,film,2013.0,,,,,,,,
W00191,,The Mummy,film,1999.0,,,,,,,,
W00166,,Star Wars: Episode VII – The Force Awakens,film,2015.0,,,,,,,,
W00084,Q943992,A Night at the Opera,film,1935.0,,97.0,,,,,540.0,
W00167,Q208263,The Green Mile,film,1999.0,61.0,78.0,,,4.0,,,
W00294,,The Piano,film,1993.0,,,,,,,,
W00824,Q1575773,Hannah Arendt,film,2012.0,69.0,88.0,,,,,,
W00269,,Places in the Heart,film,1984.0,,,,,,,,
W00303,,Wings,film,1927.0,,,,,,,803.0,
W00193,,Life of Pi,film,2012.0,,,,,,,,
W00828,Q1740171,Mishima: A Life in Four Chapters,film,1985.0,84.0,79.0,,,,,,
W00857,Q534785,Senna,film,2010.0,79.0,93.0,,,,,,
W00304,,Witness,film,1985.0,,,,,,,,
W00282,,The Crying Game,film,1992.0,,,,,,,,
W00277,,Tender Mercies,film,1983.0,,,,,,,,
W00178,Q202326,The Godfather Part III,film,1990.0,60.0,66.0,,,6.0,,957.0,
W00274,,Splendor in the Grass,film,1961.0,,,,,,,420.0,
W00174,Q23010088,Spider-Man: Homecoming,film,2017.0,73.0,92.0,,,,,,
W00094,Q1218959,The Last Picture Show,film,1971.0,,98.0,2.0,2.0,8.0,4.0,353.0,
W00287,Q641061,The Greatest Show on Earth,film,1952.0,,59.0,2.0,,5.0,,,
W00169,,Wreck-It Ralph,film,2012.0,,,,,,,,
W00092,Q220735,The French Connection,film,1971.0,94.0,96.0,5.0,,8.0,,530.0,
W00182,Q180214,Black Swan,film,2010.0,79.0,85.0,1.0,,5.0,,,
W00812,Q109446845,Whitney Houston: I Wanna Dance with Somebody,film,2022.0,51.0,43.0,,,,,,
W00821,Q1403132,Shadowlands,film,1993.0,,97.0,,,2.0,,,
W00831,Q18603034,Kurt Cobain: Montage of Heck,film,2015.0,83.0,97.0,,,,,,
W00856,Q526162,Last Days,film,2005.0,67.0,60.0,,,,,,
W00081,Q431093,Sunrise: A Song of Two Humans,film,1927.0,95.0,98.0,2.0,,3.0,,8.0,
W00175,,Pirates of the Caribbean: On Stranger Tides,film,2011.0,,,,,,,,
W00285,,The Great McGinty,film,1940.0,,,,,,,,
W00293,,The Lost Weekend,film,1945.0,,,,,,,,
W00286,,The Great Ziegfeld,film,1936.0,,,,,,,,
W00185,,The Revenant,film,2015.0,,,,,,,,
W00283,,The Defiant Ones,film,1958.0,,,,,,,,
W00290,,The Last Emperor,film,1987.0,,,,,,,975.0,
W00181,,Ice Age: Dawn of the Dinosaurs,film,2009.0,,,,,,,,
W00279,,The Bachelor and the Bobby-Soxer,film,1947.0,,,,,,,,
W00289,Q183066,The Hurt Locker,film,2008.0,95.0,97.0,6.0,1.0,9.0,,948.0,
W00198,,The Truman Show,film,1998.0,,,,,,,,
W00087,Q179743,Bringing Up Baby,film,1938.0,91.0,97.0,,,,,124.0,
W00189,,The Social Network,film,2010.0,,,,,,,716.0,
W00853,Q51093046,Capone,film,2020.0,46.0,48.0,,,,,,
W00858,Q539262,Rosa Luxemburg,film,1986.0,,80.0,,,,,,
W00280,Q463620,The Broadway Melody,film,1929.0,,51.0,1.0,,3.0,,,
W00292,,The Life of Emile Zola,film,1937.0,,,,,,,,
W00086,Q2345,12 Angry Men,film,1957.0,97.0,100.0,,1.0,3.0,1.0,522.0,
W00291,Q1168531,The Lavender Hill Mob,film,1951.0,,100.0,1.0,1.0,2.0,2.0,,
W00187,,The Hunger Games,film,2012.0,,,,,,,,
W00300,,Thelma & Louise,film,1991.0,,,,,,,704.0,
W00847,Q37909524,Gaga: Five Foot Two,film,2017.0,,73.0,,,,,,
W00196,,Doctor Strange,film,2016.0,,,,,,,,
W00089,Q1191081,Swing Time,film,1936.0,,93.0,,,,,,
W00197,Q210364,Shutter Island,film,2010.0,63.0,68.0,,,,,,
W00296,,The Seventh Veil,film,1945.0,,,,,,,,
W00097,Q1321622,Yankee Doodle Dandy,film,1942.0,,91.0,3.0,,8.0,,,
W00305,Q1212587,Woman of the Year,film,1942.0,,83.0,1.0,,2.0,,,
W00808,Q104144784,Reagan,film,2024.0,22.0,98.0,,,,,,
W00832,Q18703186,Messi,film,2014.0,,,,,,,,
W00190,Q190910,Ice Age: The Meltdown,film,2006.0,59.0,60.0,,,,,,
W00192,,Iron Man 2,film,2010.0,,,,,,,,
W00195,,Léon: The Professional,film,1994.0,,,,,,,,
W00306,,You Can't Take It With You,film,1938.0,,,,,,,,
W00864,Q603857,"11'09""01 September 11",film,2002.0,,77.0,,,,,,
W00199,,2012,film,2009.0,,,,,,,,
W00861,Q56598902,Becoming Astrid,film,2018.0,71.0,96.0,,,,,,
W00403,Q208460,1984,novel,1949.0,,,,,,,,
W00412,,Appointment in Samarra,novel,,,,,,,,,
W00424,,A Handful of Dust,novel,,,,,,,,,
W00433,,A Dance to the Music of Time,novel,,,,,,,,,
W00462,,A House for Mr. Biswas,novel,,,,,,,,,
W00471,Q1771746,The Adventures of Augie March,novel,1953.0,,,,,,,,
W00474,,The Death of the Heart,novel,,,,,,,,,
W00485,,Under the Net,novel,,,,,,,,,
W00491,,American Pastoral,novel,,,,,,,,,
W00493,,The Assistant,novel,,,,,,,,,
W00494,Q759330,At Swim-Two-Birds,novel,1939.0,,,,,,,,
W00497,,The Berlin Stories,novel,,,,,,,,,
W00499,,The Blind Assassin,novel,2000.0,,,,,,,,
W00501,,Call It Sleep,novel,,,,,,,,,
W00505,,A Death in the Family,novel,,,,,,,,,
W00506,,Dog Soldiers,novel,1975[b],,,,,,,,
W00509,,The Golden Notebook,novel,,,,,,,,,
W00513,,Housekeeping,novel,,,,,,,,,
W00518,,The Man Who Loved Children,novel,,,,,,,,,
W00520,,Mrs. Bridge,novel,,,,,,,,,
W00525,Q2603401,The Painted Bird,novel,1965.0,,,,,,,,
W00526,,Play It as It Lays,novel,,,,,,,,,
W00530,,The Recognitions,novel,,,,,,,,,
W00531,,Red Harvest,novel,,,,,,,,,
W00540,,Ubik,novel,,,,,,,,,
W00620,,His Family[a],novel,1917.0,,,,,,,,
W00621,,Not awarded[b],novel,1919.0,,,,,,,,
W00622,,The Age of Innocence[c][12],novel,1920.0,,,,,,,,
W00624,,One of Ours,novel,1922.0,,,,,,,,
W00625,,The Able McLaughlins,novel,1923.0,,,,,,,,
W00626,,So Big[d],novel,1924.0,,,,,,,,
W00627,,Arrowsmith[e],novel,1925.0,,,,,,,,
W00628,,Early Autumn,novel,1926.0,,,,,,,,
W00629,,The Bridge of San Luis Rey[f],novel,1927.0,,,,,,,,
W00630,,Scarlet Sister Mary[g],novel,1928.0,,,,,,,,
W00631,,Laughing Boy[h],novel,1929.0,,,,,,,,
W00632,,Years of Grace[i],novel,1930.0,,,,,,,,
W00633,,The Good Earth[j],novel,1931.0,,,,,,,,
W00634,,The Store[k],novel,1932.0,,,,,,,,
W00635,,Lamb in His Bosom[l],novel,1933.0,,,,,,,,
W00636,,Now in November[m],novel,1934.0,,,,,,,,
W00637,,Honey in the Horn[n],novel,1935.0,,,,,,,,
W00638,,Gone with the Wind[o],novel,1936.0,,,,,,,,
W00639,,The Late George Apley[p],novel,1937.0,,,,,,,,
W00640,,The Yearling[q],novel,1938.0,,,,,,,,
W00641,,The Grapes of Wrath[r],novel,1939.0,,,,,,,,
W00642,,Not awarded[s],novel,1940.0,,,,,,,,
W00643,,In This Our Life[t],novel,1941.0,,,,,,,,
W00644,,Dragon's Teeth[u],novel,1942.0,,,,,,,,
W00645,,Journey in the Dark[v],novel,1943.0,,,,,,,,
W00646,,A Bell for Adano[w],novel,1944.0,,,,,,,,
W00647,,Not awarded[x],novel,1945.0,,,,,,,,
W00648,,All the King's Men[y],novel,1946.0,,,,,,,,
W00649,,Tales of the South Pacific[z],novel,1947.0,,,,,,,,
W00650,,Guard of Honor[aa],novel,1948.0,,,,,,,,
W00651,,The Way West[ab],novel,1949.0,,,,,,,,
W00652,,The Town[ac],novel,1950.0,,,,,,,,
W00653,,The Caine Mutiny[ad],novel,1951.0,,,,,,,,
W00654,,The Old Man and the Sea[ae],novel,1952.0,,,,,,,,
W00655,,Not awarded[af],novel,1953.0,,,,,,,,
W00656,,A Fable[ag],novel,1954.0,,,,,,,,
W00657,,Andersonville[ah],novel,1955.0,,,,,,,,
W00658,,Not awarded[ai],novel,1956.0,,,,,,,,
W00659,,A Death in the Family[aj] (posthumously),novel,1957.0,,,,,,,,
W00660,,The Travels of Jaimie McPheeters[ak],novel,1958.0,,,,,,,,
W00661,,Advise and Consent[al],novel,1959.0,,,,,,,,
W00662,,To Kill a Mockingbird[am],novel,1960.0,,,,,,,,
W00663,,The Edge of Sadness[an],novel,1961.0,,,,,,,,
W00664,,The Reivers[ao] (posthumously),novel,1962.0,,,,,,,,
W00665,,Not awarded[ap],novel,1963.0,,,,,,,,
W00666,Q7744061,The Keepers of the House,novel,1964.0,,,,,,,,
W00667,,The Collected Stories[aq],novel,1965.0,,,,,,,,
W00669,,The Confessions of Nat Turner[ar],novel,1967.0,,,,,,,,
W00670,,House Made of Dawn[as],novel,1968.0,,,,,,,,
W00671,,Collected Stories[at],novel,1969.0,,,,,,,,
W00672,,Not awarded[au],novel,1970.0,,,,,,,,
W00673,,Angle of Repose[av],novel,1971.0,,,,,,,,
W00674,Q7755231,The Optimist's Daughter,novel,1972.0,,,,,,,,
W00675,,Not awarded[aw],novel,1973.0,,,,,,,,
W00677,,Humboldt's Gift[ax],novel,1975.0,,,,,,,,
W00678,,Not awarded[ay],novel,1976.0,,,,,,,,
W00679,,Elbow Room[az],novel,1977.0,,,,,,,,
W00680,,The Stories of John Cheever[ba],novel,1978.0,,,,,,,,
W00681,Q371192,Something to Answer For,novel,1968.0,,,,,,,,
W00682,,The Elected Member,novel,1970.0,,,,,,,,
W00683,,In a Free State,novel,1971.0,,,,,,,,
W00685,Q3818819,The Siege of Krishnapur,novel,1973.0,,,,,,,,
W00686,,The Conservationist,novel,1974.0,,,,,,,,
W00688,,Heat and Dust,novel,1975.0,,,,,,,,
W00689,Q3951088,Saville,novel,1976.0,,,,,,,,
W00690,,Staying On,novel,1977.0,,,,,,,,
W00691,,"The Sea, the Sea",novel,1978.0,,,,,,,,
W00695,,Life & Times of Michael K,novel,1983.0,,,,,,,,
W00696,Q3786968,Hotel du Lac,novel,1984.0,,,,,,,,
W00697,,The Bone People,novel,1985.0,,,,,,,,
W00698,,The Old Devils,novel,1986.0,,,,,,,,
W00699,,Moon Tiger,novel,1987.0,,,,,,,,
W00700,Q1060522,Oscar and Lucinda,novel,1988.0,,,,,,,,
W00701,,The Famished Road,novel,1991.0,,,,,,,,
W00703,,Sacred Hunger,novel,1992.0,,,,,,,,
W00705,,"How Late It Was, How Late",novel,1994.0,,,,,,,,
W00706,,The Ghost Road,novel,1995.0,,,,,,,,
W00707,,Last Orders,novel,1996.0,,,,,,,,
W00708,Q378786,The God of Small Things,novel,1997.0,,,,,,,,
W00710,,True History of the Kelly Gang,novel,2001.0,,,,,,,,
W00712,Q475459,Vernon God Little,novel,2003.0,,,,,,,,
W00713,,The Line of Beauty,novel,2004.0,,,,,,,,
W00715,,The Inheritance of Loss,novel,2006.0,,,,,,,,
W00716,Q3824774,The Gathering,novel,2007.0,,,,,,,,
W00717,,The White Tiger,novel,2008.0,,,,,,,,
W00719,,The Finkler Question,novel,2010.0,,,,,,,,
W00720,Q1331310,The Sense of an Ending,novel,2011.0,,,,,,,,
W00721,,Bring Up the Bodies,novel,2012.0,,,,,,,,
W00722,,The Luminaries,novel,2013.0,,,,,,,,
W00723,,The Narrow Road to the Deep North,novel,2014.0,,,,,,,,
W00724,Q19874028,A Brief History of Seven Killings,novel,2014.0,,,,,,,,
W00725,,The Sellout,novel,2016.0,,,,,,,,
W00729,,"Girl, Woman, Other",novel,2019.0,,,,,,,,
W00730,,Shuggie Bain,novel,2020.0,,,,,,,,
W00732,,The Seven Moons of Maali Almeida,novel,2022.0,,,,,,,,
W00733,,Prophet Song,novel,2023.0,,,,,,,,
W00737,,Collected Stories of William Faulkner,novel,1951,,,,,,,,
W00740,,The Field of Vision,novel,1957,,,,,,,,
W00741,,The Wapshot Chronicle,novel,1958,,,,,,,,
W00742,,The Magic Barrel,novel,1959,,,,,,,,
W00744,,The Waters of Kronos,novel,1961,,,,,,,,
W00745,,Morte d'Urban,novel,1963,,,,,,,,
W00747,,The Collected Stories of Katherine Anne Porter,novel,1966,,,,,,,,
W00748,,The Eighth Day,novel,1968,,,,,,,,
W00751,,Mr. Sammler's Planet,novel,1971,,,,,,,,
W00752,,The Complete Stories[a],novel,1972,,,,,,,,
W00755,,A Crown of Feathers and Other Stories,novel,1974[b],,,,,,,,
W00756,,The Hair of Harold Roux,novel,1975[b],,,,,,,,
W00757,,J R,novel,1976,,,,,,,,
W00758,Q7765773,The Spectator Bird,novel,1976.0,,,,,,,,
W00759,,Blood Tie,novel,1978,,,,,,,,
W00760,,Going After Cacciato,novel,1979,,,,,,,,
W00762,Q124487460,Plains Song: For Female Voices,novel,1980.0,,,,,,,,
W00763,,The Stories of John Cheever,novel,1981,,,,,,,,
W00765,Q7549352,"So Long, See You Tomorrow",novel,1979.0,,,,,,,,
W00767,,The Collected Stories of Eudora Welty,novel,1983,,,,,,,,
W00768,,Victory Over Japan: A Book of Stories,novel,1984,,,,,,,,
W00770,,Paco's Story,novel,1987,,,,,,,,
W00771,,Paris Trout,novel,1988,,,,,,,,
W00772,,Spartina,novel,1989,,,,,,,,
W00777,Q4656876,A Frolic of His Own,novel,1994.0,,,,,,,,
W00778,,Sabbath's Theater,novel,1995,,,,,,,,
W00779,,Ship Fever and Other Stories,novel,1996,,,,,,,,
W00781,,Charming Billy,novel,1998,,,,,,,,
W00783,,In America,novel,2000,,,,,,,,
W00786,,The News from Paraguay,novel,2004,,,,,,,,
W00787,,Europe Central,novel,2005,,,,,,,,
W00788,Q1167621,The Echo Maker,novel,2006.0,,,,,,,,
W00789,,Tree of Smoke,novel,2007,,,,,,,,
W00790,,Shadow Country,novel,2008,,,,,,,,
W00791,Q3059176,Let the Great World Spin,novel,2009.0,,,,,,,,
W00792,,Lord of Misrule,novel,2010,,,,,,,,
W00793,,Salvage the Bones,novel,2011,,,,,,,,
W00794,,The Round House,novel,2012,,,,,,,,
W00795,Q16982299,The Good Lord Bird,novel,2013.0,,,,,,,,
W00797,,Fortune Smiles,novel,2015,,,,,,,,
W00799,Q42530254,"Sing, Unburied, Sing",novel,2017.0,,,,,,,,
W00801,,Trust Exercise,novel,2019,,,,,,,,
W00802,,Interior Chinatown,novel,2020,,,,,,,,
W00803,Q111661684,Hell of a Book,novel,2021.0,,,,,,,,
W00804,,The Rabbit Hutch,novel,2022,,,,,,,,
W00805,,Blackouts,novel,2023,,,,,,,,
W00807,,The True True Story of Raja the Gullible (and His Mother),novel,2025,,,,,,,,
W00870,Q6511,Ulysses,novel,1922.0,,,,,,,,
W00524,,One Flew Over the Cuckoo's Nest,novel,,,,,,,,,
W00606,,Snow,novel,2002.0,,,,,,,,
W00714,,The Sea,novel,2005.0,,,,,,,,
W00519,,Money,novel,,,,,,,,,
W00600,,The Pearl,novel,1947.0,,,,,,,,
W00407,Q1645466,The Heart Is a Lonely Hunter,novel,1940.0,,,,,,,,
W00448,,The Age of Innocence,novel,,,,,,,,537.0,
W00394,,Lolita,novel,,,,,,,,762.0,
W00806,,James,novel,2024,,,,,,,,
W00413,,U.S.A.,novel,,,,,,,,,
W00515,,"The Lion, the Witch and the Wardrobe",novel,,,,,,,,,
W00468,Q13083721,Kim,novel,,,,,,,,,
W00709,,Amsterdam,novel,1998.0,,,,,,,,
W00735,Q194619,Flesh,novel,1960.0,,,,,,,,
W00469,,A Room with a View,novel,,,,,,,,,
W00574,Q826428,Blindness,novel,1995.0,,,,,,,,
W00404,,"I, Claudius",novel,,,,,,,,,
W00537,,Their Eyes Were Watching God,novel,,,,,,,,,
W00476,,Ragtime,novel,,,,,,,,,
W00750,Q20828898,them,novel,1970,,,,,,,,
W00536,Q468071,The Spy Who Came in from the Cold,novel,1963.0,,,,,,,,
W00547,Q618430,Long Day's Journey into Night,novel,1956.0,,,,,,,,
W00738,,A Fable,novel,1955,,,,,,,,
W00753,,Chimera,novel,1973[b],,,,,,,,
W00429,,Go Tell It on the Mountain,novel,,,,,,,,,
W00421,,Animal Farm,novel,,,,,,,,,
W00454,,The Catcher in the Rye,novel,,,,,,,,,
W00746,Q3220933,The Centaur,novel,1963.0,,,,,,,,
W00393,,A Portrait of the Artist as a Young Man,novel,,,,,,,,,
W00488,,The Postman Always Rings Twice,novel,,,,,,,,,
W00800,,The Friend,novel,2018,,,,,,,,
W00542,,White Noise,novel,1985,,,,,,,,
W00466,,The Prime of Miss Jean Brodie,novel,,,,,,,,,
W00736,,The Man with the Golden Arm,novel,1950,,,,,,,,
W00749,,Steps,novel,1969,,,,,,,,
W00455,,A Clockwork Orange,novel,,,,,,,,,
W00545,,The Clown,novel,1963.0,,,,,,,,
W00837,Q212898,The Magic Mountain,novel,1924.0,,,,,,,,
W00754,Q770041,Augustus,novel,1973[b],,,,,,,,
W00445,Q743180,On the Road,novel,2003.0,,,,,,,,
W00465,Q1029093,Scoop,novel,1938.0,,,,,,,,
W00495,,Atonement,novel,,,,,,,,,
W00391,,Ulysses,novel,,,,,,,,,
W00438,,The Rainbow,novel,,,,,,,,,
W00451,,Death Comes for the Archbishop,novel,,,,,,,,,
W00601,,The Flies,novel,1947.0,,,,,,,,
W00687,,Holiday,novel,1974.0,,,,,,,,
W00496,,Beloved,novel,,,,,,,,,
W00590,,Six Characters in Search of an Author,novel,1921.0,,,,,,,,
W00614,,The Magic Mountain,novel,1924.0,,,,,,,,
W00500,,Blood Meridian,novel,,,,,,,,,
W00409,,Invisible Man,novel,1953,,,,,,,,
W00486,Q1524588,Sophie's Choice,novel,1979.0,,,,,,,,
W00570,Q386431,Doctor Faustus,novel,1947.0,,,,,,,,
W00668,,The Fixer,novel,1966.0,,,,,,,,
W00502,Q7727343,The Confessions of Nat Turner,novel,1967.0,,,,,,,,
W00529,,"Rabbit, Run",novel,,,,,,,,,
W00532,Q1393977,Revolutionary Road,novel,1961.0,,,,,,,,
W00773,Q6841523,Middle Passage,novel,1990.0,,,,,,,,
W00775,,All the Pretty Horses,novel,1992,,,,,,,,
W00711,,Life of Pi,novel,2002.0,,,,,,,,
W00561,,No Exit,novel,1947.0,,,,,,,,
W00410,,Native Son,novel,,,,,,,,,
W00414,,"Winesburg, Ohio",novel,,,,,,,,,
W00557,,The Gulag Archipelago,novel,1973.0,,,,,,,,
W00426,,All the King's Men,novel,,,,,,,,,
W00480,,Midnight's Children,novel,1981.0,,,,,,,,
W00552,,The Plague,novel,1947.0,,,,,,,,
W00521,Q379286,Naked Lunch,novel,1959.0,,,,,,,,
W00511,,Gravity's Rainbow,novel,1974[b],,,,,,,,
W00769,Q25206119,World's Fair,novel,1985.0,,,,,,,,
W00522,,Neuromancer,novel,,,,,,,,,
W00592,,One Hundred Years of Solitude,novel,1967.0,,,,,,,,
W00878,Q869725,The Prince and the Pauper,novel,1881.0,,,,,,,,
W00479,,Loving,novel,,,,,,,,,
W00593,Q163297,The Stranger,novel,1942.0,,,,,,,,
W00734,,Orbital,novel,2024.0,,,,,,,,
W00527,,Possession,novel,1990.0,,,,,,,776.0,
W00774,,Mating,novel,1991,,,,,,,,
W00400,,The Grapes of Wrath,novel,,,,,,,,,
W00392,Q214371,The Great Gatsby,novel,1925.0,,,,,,,,
W00692,Q3821704,Offshore,novel,1979.0,,,,,,,,
W00584,,Nausea,novel,1938.0,,,,,,,,
W00396,,The Sound and the Fury,novel,,,,,,,,,
W00702,,The English Patient,novel,1992.0,,,,,,,,
W00867,Q622634,Q622634,novel,1863.0,,,,,,,,
W00516,,The Lord of the Rings,novel,,,,,,,,,
W00761,,The World According to Garp,novel,1980,,,,,,,,
W00541,,Watchmen,novel,,,,,,,,,
W00512,,Herzog,novel,1965,,,,,,,,
W00503,,The Corrections,novel,2001,,,,,,,,
W00431,Q271764,Lord of the Flies,novel,1954.0,,,,,,,,
W00457,Q129778,Heart of Darkness,novel,1899.0,,,,,,,,
W00572,,Waiting for Godot,novel,1952.0,,,,,,,,
W00510,Q2870,Gone with the Wind,novel,1936.0,,,,,,,,
W00415,Q622303,A Passage to India,novel,1924.0,,,,,,,,
W00459,,The House of Mirth,novel,,,,,,,,,
W00582,,The Snows of Kilimanjaro,novel,1936.0,,,,,,,,
W00617,,One Day in the Life of Ivan Denisovich,novel,1962.0,,,,,,,,
W00623,Q4725707,Alice Adams,novel,1921.0,,,,,,,,
W00588,,The Remains of the Day,novel,1989.0,,,,,,,,
W00427,Q941462,The Bridge of San Luis Rey,novel,1927.0,,,,,,,,
W00539,Q212340,To Kill a Mockingbird,novel,1960.0,,,,,,,,
W00504,,The Crying of Lot 49,novel,,,,,,,,,
W00543,Q866980,White Teeth,novel,2001.0,,,,,,,,
W00776,,The Shipping News,novel,1993,,,,,,,,
W00450,,The Moviegoer,novel,1962,,,,,,,,
W00395,Q191949,Brave New World,novel,1932.0,,,,,,,,
W00809,Q1053313,Jerusalem Delivered,novel,1581.0,,,,,,,,
W00444,,Light in August,novel,,,,,,,,,
W00507,,Falconer,novel,,,,,,,,,
W00743,Q108558054,"Goodbye, Columbus",novel,1959.0,,,,,,,,
W00728,Q60786692,The Testaments,novel,2019.0,,,,,,,,
W00481,,Tobacco Road,novel,,,,,,,,,
W00397,,Catch-22,novel,,,,,,,,,
W00452,,From Here to Eternity,novel,1952,,,,,,,,
W00798,,The Underground Railroad,novel,2016,,,,,,,,
W00446,,The Maltese Falcon,novel,,,,,,,,,
W00514,Q1077445,Infinite Jest,novel,1996.0,,,,,,,,
W00780,Q2499287,Cold Mountain,novel,1997.0,,,,,,,,
W00484,,Wide Sargasso Sea,novel,,,,,,,,,
W00463,,The Day of the Locust,novel,,,,,,,,,
W00475,Q19146761,Lord Jim,novel,1933.0,,,,,,,,
W00538,,Things Fall Apart,novel,,,,,,,,,
W00498,Q1649862,The Big Sleep,novel,1939.0,,,,,,,,
W00470,,Brideshead Revisited,novel,,,,,,,,,
W00613,,The Old Man and the Sea,novel,,,,,,,,,
W00731,Q64910041,The Promise,novel,2021.0,,,,,,,,
W00766,,The Color Purple,novel,1983,,,,,,,,
W00435,,The Sun Also Rises,novel,,,,,,,,,
W00408,,Slaughterhouse-Five,novel,,,,,,,,,
W00440,,Tropic of Cancer,novel,,,,,,,,,
W00562,,Love in the Time of Cholera,novel,1985.0,,,,,,,,
W00594,,Quo Vadis,novel,1896.0,,,,,,,,
W00406,,An American Tragedy,novel,,,,,,,,,
W00432,,Deliverance,novel,,,,,,,,587.0,
W00401,,Under the Volcano,novel,,,,,,,,,
W00405,,To the Lighthouse,novel,,,,,,,,,
W00508,,The French Lieutenant's Woman,novel,,,,,,,,,
W00581,Q206870,Doctor Zhivago,novel,1957.0,,,,,,,533.0,
W00442,,Portnoy's Complaint,novel,,,,,,,,,
W00718,,Wolf Hall,novel,2009.0,,,,,,,,
W00492,,"Are You There God? It's Me, Margaret",novel,,,,,,,,,
W00490,Q5239187,The Magnificent Ambersons,novel,1918.0,,,,,,,91.0,
W00535,,The Sportswriter,novel,,,,,,,,,
W00430,,The Heart of the Matter,novel,,,,,,,,,
W00608,,Disgrace,novel,1999.0,,,,,,,,
W00458,,Main Street,novel,,,,,,,,302.0,
W00693,,Rites of Passage,novel,1980.0,,,,,,,,
W00684,,G.,novel,1972.0,,,,,,,,
W00546,,The Vegetarian,novel,2007.0,,,,,,,,
W00764,,Rabbit is Rich,novel,1982,,,,,,,,
W00785,,The Great Fire,novel,2003,,,,,,,,
W00782,,Waiting,novel,1999,,,,,,,,
W00596,Q457977,Of Mice and Men,novel,1937.0,,,,,,,,
W00609,,The Fall,novel,1956.0,,,,,,,,
W00817,Q1213085,The Bell Jar,novel,1963.0,,,,,,,,
W00487,,The Sheltering Sky,novel,,,,,,,,,
W00517,Q1836777,Lucky Jim,novel,1954.0,,,,,,,,
W00528,Q431524,The Power and the Glory,novel,1940.0,,,,,,,,
W00533,,Snow Crash,novel,,,,,,,,,
W00676,,The Killer Angels,novel,1974.0,,,,,,,,
W00694,,Schindler's Ark,novel,1982.0,,,,,,,,
W00704,Q3888716,Paddy Clarke Ha Ha Ha,novel,1993.0,,,,,,,,
W00726,,Lincoln in the Bardo,novel,2017.0,,,,,,,,
W00739,Q1304926,Ten North Frederick,novel,1956,,,,,,,,
W00796,,Redeployment,novel,2014,,,,,,,,
W00443,,Pale Fire,novel,,,,,,,,,
W00727,,Milkman,novel,2018.0,,,,,,,,
W00523,,Never Let Me Go,novel,,,,,,,,,
W00534,,The Sot-Weed Factor,novel,,,,,,,,,
W00784,Q7797553,Three Junes,novel,2002.0,,,,,,,,
W00456,,Of Human Bondage,novel,,,,,,,,,
W00483,,The Magus,novel,,,,,,,,,
W00814,Q1142887,In Cold Blood,novel,1966.0,,,,,,,,
W00423,Q1286961,Sister Carrie,novel,1900.0,,,,,,,,
W00428,,Howards End,novel,,,,,,,,,
W00566,,Death in Venice,novel,1912.0,,,,,,,212.0,
W00482,Q6073321,Ironweed,novel,1983.0,,,,,,,,
W00595,,Hunger,novel,1890.0,,,,,,,738.0,
W00610,,The White Castle,novel,1985.0,,,,,,,,
W00815,Q1167658,The Poverty of Philosophy,novel,1847.0,,,,,,,,
W00881,Q945216,Jacques the Fatalist,novel,1796.0,,,,,,,,
W00576,,The Jungle Book,novel,1894.0,,,,,,,,
W00467,,Finnegans Wake,novel,,,,,,,,,
W00568,,East of Eden,novel,1952.0,,,,,,,528.0,
W00464,,A Farewell to Arms,novel,1929.0,,,,,,,,
W00548,,"Absalom, Absalom!",novel,1936.0,,,,,,,,
W00813,Q1137556,The Shock Doctrine,novel,2007.0,,,,,,,,
W00818,Q129289,"Julie, or the New Heloise",novel,1761.0,,,,,,,,
W00820,Q1355487,Down and Out in Paris and London,novel,1933.0,,,,,,,,
W00852,Q461303,The Help,novel,2009.0,,,,,,,,
W00873,Q694245,Berlin Alexanderplatz,novel,1929.0,,,,,,,335.0,
W00422,,The Golden Bowl,novel,,,,,,,,,
W00567,Q836841,The Glass Bead Game,novel,1943.0,,,,,,,,
W00616,,Cancer Ward,novel,1967.0,,,,,,,,
W00598,,Siddhartha,novel,1922.0,,,,,,,,
W00436,,The Secret Agent,novel,,,,,,,,,
W00478,Q476871,The Call of the Wild,novel,1903.0,,,,,,,,
W00575,,For Whom the Bell Tolls,novel,1940.0,,,,,,,,
W00882,Q976992,The Wind-Up Bird Chronicle,novel,1994.0,,,,,,,,
W00585,Q217073,Steppenwolf,novel,1927.0,,,,,,,,
W00425,,As I Lay Dying,novel,1930.0,,,,,,,,
W00602,,The Good Earth,novel,1931.0,,,,,,,,
W00868,Q625645,Steve Jobs,novel,2011.0,,,,,,,,
W00441,Q646361,The Naked and the Dead,novel,1948.0,,,,,,,,
W00573,,The Tin Drum,novel,1959.0,,,,,,,,
W00399,Q80771,Sons and Lovers,novel,1913.0,,,,,,,,
W00838,Q2137133,Enchiridion of Epictetus,novel,,,,,,,,,
W00615,Q2052363,A Moveable Feast,novel,1964.0,,,,,,,,
W00439,,Women in Love,novel,,,,,,,,,
W00603,Q17018078,The Second World War,novel,2012.0,,,,,,,,
W00418,,Tender Is the Night,novel,,,,,,,,,
W00560,,To Have and Have Not,novel,1937.0,,,,,,,516.0,
W00826,Q1626551,Extremely Loud & Incredibly Close,novel,2005.0,,,,,,,,
W00477,,The Old Wives' Tale,novel,,,,,,,,,
W00402,,The Way of All Flesh,novel,,,,,,,,,
W00851,Q4391398,Quiet Night Thought,novel,745.0,,,,,,,,
W00416,,The Wings of the Dove,novel,,,,,,,,,
W00460,,The Alexandria Quartet,novel,,,,,,,,,
W00473,,A Bend in the River,novel,,,,,,,,,
W00825,Q16154159,Americanah,novel,2013.0,,,,,,,,
W00855,Q5231098,Pale Blue Dot,novel,1994.0,,,,,,,,
W00398,,Darkness at Noon,novel,,,,,,,,,
W00842,Q250125,Lotte in Weimar: The Beloved Returns,novel,1939.0,,,,,,,,
W00461,Q3401207,A High Wind in Jamaica,novel,1929.0,,,,,,,,
W00565,,The White Man's Burden,novel,1899.0,,,,,,,,
W00411,Q3795484,Henderson the Rain King,novel,1959.0,,,,,,,,
W00417,,The Ambassadors,novel,,,,,,,,,
W00419,,The Studs Lonigan Trilogy,novel,,,,,,,,,
W00420,,The Good Soldier,novel,,,,,,,,,
W00434,Q119246,Point Counter Point,novel,1928.0,,,,,,,,
W00437,Q2387713,Nostromo,novel,,,,,,,,,
W00447,,Parade's End,novel,,,,,,,,,
W00449,Q8075113,Zuleika Dobson,novel,1911.0,,,,,,,,
W00453,,The Wapshot Chronicles,novel,,,,,,,,,
W00472,,Angle of Repose,novel,,,,,,,,,
W00489,,The Ginger Man,novel,,,,,,,,,
W00544,,The Wonderful Adventures of Nils,novel,1907.0,,,,,,,,
W00549,,No One Writes to the Colonel,novel,1961.0,,,,,,,,
W00550,,Tonio Kröger,novel,1903.0,,,,,,,,
W00551,Q860577,Demian,novel,1919.0,,,,,,,,
W00553,,The Lost Honour of Katharina Blum,novel,1974.0,,,,,,,,
W00554,,Waiting for the Barbarians,novel,1980.0,,,,,,,,
W00555,Q267650,Of Love and Other Demons,novel,1994.0,,,,,,,,
W00556,,Growth of the Soil,novel,1917.0,,,,,,,,
W00558,,The Myth of Sisyphus,novel,1942.0,,,,,,,,
W00559,Q927292,With Fire and Sword,novel,1884.0,,,,,,,,
W00563,Q1198739,A Happy Death,novel,1971.0,,,,,,,,
W00564,,Jean-Christophe,novel,1904.0,,,,,,,,
W00569,,"For sale: baby shoes, never worn",novel,,,,,,,,,
W00571,,Buddenbrooks,novel,1901.0,,,,,,,,
W00577,,My Name Is Red,novel,1998.0,,,,,,,,
W00578,Q935935,Chronicle of a Death Foretold,novel,,,,,,,,,
W00579,,Voices from Chernobyl,novel,1997.0,,,,,,,,
W00580,,Snow Country,novel,1935.0,,,,,,,,
W00583,,Existentialism and Humanism,novel,1946.0,,,,,,,,
W00586,,Why I Am Not a Christian,novel,1957.0,,,,,,,,
W00587,,Gitanjali,novel,,,,,,,,,
W00589,Q2655348,Fate of a Man,novel,1956.0,,,,,,,,
W00591,,L'homme révolté,novel,1951.0,,,,,,,,
W00597,,Across the River and into the Trees,novel,1950.0,,,,,,,,
W00599,Q1247865,The Bridge on the Drina,novel,1945.0,,,,,,,,
W00604,,Thérèse Desqueyroux,novel,1927.0,,,,,,,,
W00605,,Fatelessness,novel,1975.0,,,,,,,,
W00607,Q785974,The Museum of Innocence,novel,2008.0,,,,,,,,
W00611,Q1502926,Narcissus and Goldmund,novel,1930.0,,,,,,,,
W00612,,And Quiet Flows the Don,novel,1928.0,,,,,,,,
W00618,,Joseph and His Brothers,novel,1943.0,,,,,,,,
W00619,Q1193847,The General in His Labyrinth,novel,,,,,,,,,
W00883,Q1197185,The Right Stuff,film,1983,91.0,96.0,4.0,,8.0,,867.0,
W00884,Q106428,Apollo 13,film,1995,78.0,96.0,2.0,1.0,9.0,4.0,,
W00885,Q647546,Cinderella Man,film,2005,69.0,80.0,,,3.0,,,
W00886,Q813724,Becket,film,1964,68.0,75.0,1.0,,12.0,,,
W00887,Q862317,Glory,film,1989,78.0,95.0,3.0,,5.0,,,
W00888,Q16970789,American Sniper,film,2014,73.0,71.0,1.0,,6.0,,,
W00889,Q3258993,Lone Survivor,film,2013,60.0,75.0,,,2.0,,,
W00890,Q273568,Charlie Wilson's War,film,2007,67.0,82.0,,,1.0,,,
W00891,Q632328,Green Zone,film,2010,63.0,60.0,,,,,,
W00892,Q848785,Jarhead,film,2005,58.0,64.0,,,,,,
W00893,Q578312,Body of Lies,film,2008,57.0,59.0,,,,,,
W00894,Q367163,Lions for Lambs,film,2007,47.0,48.0,,,,,,
W00895,Q1057045,The Kite Runner,film,2007,61.0,65.0,,,1.0,3.0,,
W00896,Q1394447,Restrepo,film,2010,85.0,96.0,,,1.0,,,
W00897,Q7044136,No End in Sight,film,2007,89.0,96.0,,,1.0,,,
W00898,Q154194,Generation Kill,miniseries,2008,,,,,,,,
W00899,Q47001863,The Looming Tower,miniseries,2018,,,,,,,,
W00900,Q4430,Cleopatra,film,1963,60.0,59.0,4.0,,9.0,,,
W00901,Q746733,The Ten Commandments,film,1956,,84.0,1.0,,7.0,,,
W00902,Q734950,Julius Caesar,film,1953,,96.0,1.0,,5.0,,,
W00903,Q315616,Julius Caesar,film,2002,,,,,,,,
W00904,Q1139023,The Robe,film,1953,,53.0,2.0,,5.0,,,
W00905,Q162277,Alexander,film,2004,40.0,40.0,,,,,,
W00906,Q51668,The Passion of the Christ,film,2004,47.0,60.0,,,3.0,,,
W00907,Q1248538,Barabbas,film,1961,,89.0,,,,,,
W00908,Q762927,King of Kings,film,1961,,80.0,,,,,,
W00909,Q1218601,The Greatest Story Ever Told,film,1965,,48.0,,,5.0,,,
W00910,Q367748,The Fall of the Roman Empire,film,1964,,93.0,,,1.0,,,
W00911,Q938137,Quo Vadis,film,1951,,84.0,,,8.0,,,
W00912,Q135096,"I, Claudius",miniseries,1976,,,,,,,,
