concept,qb_count,qb_pctile
purim,2,95.06925207756233
ludwig van beethoven,1,45.927977839335185
edgar allan poe,1,45.927977839335185
cuban-americans,1,45.927977839335185
george edward moore,1,45.927977839335185
joshua reynolds,1,45.927977839335185
swords,1,45.927977839335185
wind,1,45.927977839335185
sri lanka,1,45.927977839335185
two-phase flow,1,45.927977839335185
yucatan peninsula,1,45.927977839335185
isabel allende &ltcsm&gt,1,45.927977839335185
hydrogen bonds,1,45.927977839335185
christian missionary,1,45.927977839335185
hydrogen gas,2,95.06925207756233
louise,1,45.927977839335185
maryland,1,45.927977839335185
no one writes to the colonel,1,45.927977839335185
seneca falls convention,1,45.927977839335185
one-word poem,1,45.927977839335185
downs syndrome,1,45.927977839335185
hattori hanzo swords,1,45.927977839335185
wine,1,45.927977839335185
american civil war,4,99.83379501385042
george washington,2,95.06925207756233
yogi berra,1,45.927977839335185
bailey,1,45.927977839335185
sand,1,45.927977839335185
dulce et decorum est pro patria mori,1,45.927977839335185
odes by pablo neruda,1,45.927977839335185
chocolate industry,1,45.927977839335185
kingdom of scotland,1,45.927977839335185
cambrian,1,45.927977839335185
synthesizers,1,45.927977839335185
theodore gericault,1,45.927977839335185
schools,2,95.06925207756233
orpheus,1,45.927977839335185
stratosphere,2,95.06925207756233
sir edward elgar,1,45.927977839335185
apothecaries,1,45.927977839335185
isabel allende,1,45.927977839335185
panic of 1873,1,45.927977839335185
dublin,1,45.927977839335185
bowers,1,45.927977839335185
gunter wilhelm grass,1,45.927977839335185
thanatopsis,1,45.927977839335185
tibetans and mongolians,1,45.927977839335185
hestia,1,45.927977839335185
eyes,1,45.927977839335185
logarithm function,1,45.927977839335185
hedda gabler,2,95.06925207756233
herodes atticus,1,45.927977839335185
del the funky homosapien,1,45.927977839335185
philip glass,2,95.06925207756233
medals,1,45.927977839335185
united states of america,3,99.0027700831025
william carlos williams,1,45.927977839335185
ribosome,1,45.927977839335185
baron munchausen,1,45.927977839335185
gurbanguly berdimuhamedow,1,45.927977839335185
spain,3,99.0027700831025
helen of troy,1,45.927977839335185
guy de maupassant,1,45.927977839335185
scottish lochs,2,95.06925207756233
war of the spanish succession,1,45.927977839335185
us presidential election of 2004,1,45.927977839335185
riders to the sea,1,45.927977839335185
frans eemil sillanpaa,1,45.927977839335185
floating,1,45.927977839335185
weddings,2,95.06925207756233
fleas,1,45.927977839335185
d major,1,45.927977839335185
nebraska,1,45.927977839335185
derek walcott,1,45.927977839335185
second treatise of government,1,45.927977839335185
amy lowell,1,45.927977839335185
pope francis,1,45.927977839335185
rudolf,1,45.927977839335185
charles olson,1,45.927977839335185
borat sagdiyev,1,45.927977839335185
salem witch trials,1,45.927977839335185
galapagos archipelago,1,45.927977839335185
maurice ravel,1,45.927977839335185
russian empire,1,45.927977839335185
bivalves,1,45.927977839335185
anne bradstreets husband,1,45.927977839335185
capacitors,1,45.927977839335185
economic consequences of the peace,1,45.927977839335185
edvard grieg,2,95.06925207756233
narnia,1,45.927977839335185
static,1,45.927977839335185
i sing the body electric,1,45.927977839335185
java,2,95.06925207756233
lemmink ainen,1,45.927977839335185
antarctica,1,45.927977839335185
warren gamaliel harding,1,45.927977839335185
decision trees,1,45.927977839335185
la bayadere,1,45.927977839335185
silas marner the weaver of raveloe,2,95.06925207756233
russia,3,99.0027700831025
alexander ii of russia,1,45.927977839335185
voltaire,1,45.927977839335185
woman at the washington zoo,1,45.927977839335185
alkynes 4,1,45.927977839335185
llewyn davis,1,45.927977839335185
cats,1,45.927977839335185
song of myself,1,45.927977839335185
state/republic of texas,1,45.927977839335185
angel numbers,1,45.927977839335185
ntozake shange,1,45.927977839335185
postminimalism,1,45.927977839335185
clash of civilizations and the remaking of world order,1,45.927977839335185
anna ivanovna,1,45.927977839335185
emilie du chatelet,1,45.927977839335185
amilcar cabral,1,45.927977839335185
darwins finches,1,45.927977839335185
trans-pacific partnership,1,45.927977839335185
jamaica,1,45.927977839335185
philip ii of spain,1,45.927977839335185
georges seurat,1,45.927977839335185
the lady of shalott,1,45.927977839335185
ludwig boltzmann,1,45.927977839335185
toynbee tiles,2,95.06925207756233
joseph ii,1,45.927977839335185
mount meru,1,45.927977839335185
secondary foliation,1,45.927977839335185
outkast,1,45.927977839335185
gin,1,45.927977839335185
ghent altarpiece,1,45.927977839335185
story of your life,1,45.927977839335185
last supper,3,99.0027700831025
abe kobo,1,45.927977839335185
horses,1,45.927977839335185
convection,1,45.927977839335185
st. george,1,45.927977839335185
twin primes conjecture,1,45.927977839335185
france,2,95.06925207756233
felix mendelssohn,1,45.927977839335185
shakers,1,45.927977839335185
adolf hitler,2,95.06925207756233
brothers grimm,1,45.927977839335185
chinatowns,3,99.0027700831025
taiwan,2,95.06925207756233
denmark,1,45.927977839335185
dopamine,2,95.06925207756233
gallows,1,45.927977839335185
salvador dali,1,45.927977839335185
andrei nikolayevich kolmogorov,1,45.927977839335185
poems from the epilogue of the novel doctor zhivago,1,45.927977839335185
pregnancy,1,45.927977839335185
aztecs,1,45.927977839335185
khan,1,45.927977839335185
humanism accept humanists,1,45.927977839335185
franks,1,45.927977839335185
friedrich nietzsche,3,99.0027700831025
apartheid,2,95.06925207756233
japan,4,99.83379501385042
one hundred years of solitude,1,45.927977839335185
atlanta,2,95.06925207756233
john maynard keynes,3,99.0027700831025
aeneas,2,95.06925207756233
house of savoy,1,45.927977839335185
south africa,3,99.0027700831025
race,1,45.927977839335185
absolute zero,1,45.927977839335185
camp,1,45.927977839335185
salah,1,45.927977839335185
black,2,95.06925207756233
rna interference,1,45.927977839335185
aeschylus,1,45.927977839335185
chicago,2,95.06925207756233
x-ray crystallography or x-ray diffraction,1,45.927977839335185
rivals,1,45.927977839335185
lechateliers principle,2,95.06925207756233
gangsters,1,45.927977839335185
rene descartes,2,95.06925207756233
prince igor,1,45.927977839335185
keith haring,1,45.927977839335185
seth,1,45.927977839335185
ivanka trump,1,45.927977839335185
electromagnetism,1,45.927977839335185
steve smith,1,45.927977839335185
wotan,1,45.927977839335185
auguste rodin,1,45.927977839335185
quran,1,45.927977839335185
paul felix lazarsfeld,1,45.927977839335185
atlas,1,45.927977839335185
philip larkin,3,99.0027700831025
mary,1,45.927977839335185
how much land does a man need,1,45.927977839335185
wise blood,1,45.927977839335185
charles-augustin de coulomb,1,45.927977839335185
a high-toned old christian woman,1,45.927977839335185
cycloid,1,45.927977839335185
sampling,1,45.927977839335185
parthian empire,1,45.927977839335185
qin dynasty,1,45.927977839335185
i have a dream speech,1,45.927977839335185
united states census,1,45.927977839335185
dirty war,1,45.927977839335185
monkeys,1,45.927977839335185
king john i,1,45.927977839335185
steppenwolf,1,45.927977839335185
louis armstrong,3,99.0027700831025
marvin gaye,1,45.927977839335185
paul-michel foucault,1,45.927977839335185
birthday party,1,45.927977839335185
berlin,2,95.06925207756233
ivan sergeyevich turgenev,1,45.927977839335185
virial expansion,1,45.927977839335185
spring and all,1,45.927977839335185
256,1,45.927977839335185
edvard munch,1,45.927977839335185
antonio canova,1,45.927977839335185
william cullen bryant,1,45.927977839335185
master and margarita,1,45.927977839335185
california,3,99.0027700831025
biological aging,1,45.927977839335185
denis diderot,1,45.927977839335185
greece,1,45.927977839335185
iran-contra affair,1,45.927977839335185
yom kippur,3,99.0027700831025
toni morrison,1,45.927977839335185
david strauss,1,45.927977839335185
xkcd,1,45.927977839335185
john marshall,1,45.927977839335185
uranus,1,45.927977839335185
repealing prohibition,1,45.927977839335185
ghosts,1,45.927977839335185
juvenals satires,1,45.927977839335185
1910s,1,45.927977839335185
quetzalcoatl,2,95.06925207756233
georgism,1,45.927977839335185
republic of zimbabwe,1,45.927977839335185
stained glass,1,45.927977839335185
john c. calhoun,1,45.927977839335185
leo tolstoy,1,45.927977839335185
ethan frome,1,45.927977839335185
rockets,2,95.06925207756233
charlemagne or charles i or carolus magnus or charles the great,1,45.927977839335185
super smash bros.,1,45.927977839335185
venus,1,45.927977839335185
hawkins,1,45.927977839335185
yeah,1,45.927977839335185
jean-jacques dessalines,1,45.927977839335185
republic of poland,2,95.06925207756233
acetone,1,45.927977839335185
yemen civil war,1,45.927977839335185
second world war,1,45.927977839335185
gideon v. wainwright,1,45.927977839335185
lauren oyler,1,45.927977839335185
honore de balzac,1,45.927977839335185
noam chomsky,2,95.06925207756233
sin or nanna,1,45.927977839335185
georges bizet,1,45.927977839335185
flowers on specific types of flowers like carnations or roses,1,45.927977839335185
hypothesis,1,45.927977839335185
pressure,3,99.0027700831025
charles darwin,2,95.06925207756233
photons,4,99.83379501385042
hera,1,45.927977839335185
giselle,1,45.927977839335185
irish republicanism,1,45.927977839335185
okuni-nushi,1,45.927977839335185
dwarf star,1,45.927977839335185
optical aberrations,1,45.927977839335185
barrymore,1,45.927977839335185
camillo golgi,1,45.927977839335185
joni mitchell,1,45.927977839335185
gianlorenzo bernini,1,45.927977839335185
montesquieu,1,45.927977839335185
crime fiction,1,45.927977839335185
arabesque,1,45.927977839335185
election of 1996,1,45.927977839335185
body,1,45.927977839335185
sodium,1,45.927977839335185
telephone,1,45.927977839335185
gospels,1,45.927977839335185
glass menagerie,2,95.06925207756233
d-flat major,1,45.927977839335185
enthalpy,2,95.06925207756233
catholic church,1,45.927977839335185
transcription factor,1,45.927977839335185
zadie adeline smith,1,45.927977839335185
knights of the ku klux klan,1,45.927977839335185
colleges,1,45.927977839335185
ragtime,2,95.06925207756233
beowulf,1,45.927977839335185
giovanni de verrazano,1,45.927977839335185
italo calvino,1,45.927977839335185
lontano,1,45.927977839335185
english patient,1,45.927977839335185
cotton,1,45.927977839335185
baruch de spinoza,1,45.927977839335185
wittig reaction,1,45.927977839335185
lady gaga,1,45.927977839335185
osiris,1,45.927977839335185
apollo,2,95.06925207756233
youngs double slit experiment,1,45.927977839335185
index of refraction,1,45.927977839335185
jain monks,1,45.927977839335185
asterisk,1,45.927977839335185
platon,1,45.927977839335185
hydrocarbon cracking,1,45.927977839335185
stephane mallarme,1,45.927977839335185
interferometers,2,95.06925207756233
peru,2,95.06925207756233
nocturnality,1,45.927977839335185
yoruba,1,45.927977839335185
django unchained,1,45.927977839335185
helios,1,45.927977839335185
symphonies by dmitri shostakovich,1,45.927977839335185
savoy ballroom,1,45.927977839335185
colonizer and the colonized,1,45.927977839335185
zakes mda,1,45.927977839335185
mormons,1,45.927977839335185
herbert kitchener 1st earl kitchener,1,45.927977839335185
colonel,1,45.927977839335185
pop tarts,1,45.927977839335185
dorian gray,1,45.927977839335185
david ricardo,1,45.927977839335185
john andrew boehner,1,45.927977839335185
branwell bronte,1,45.927977839335185
figaro,1,45.927977839335185
finding nemo,1,45.927977839335185
oedipus,1,45.927977839335185
anjou,1,45.927977839335185
szlachta,1,45.927977839335185
iroquois league,1,45.927977839335185
turtles,1,45.927977839335185
cosmological,1,45.927977839335185
requiems,1,45.927977839335185
colombia,2,95.06925207756233
myanmar,1,45.927977839335185
tom holland,1,45.927977839335185
great awakenings,1,45.927977839335185
tlatelolco massacre,1,45.927977839335185
gamma ray bursts,1,45.927977839335185
daniel kahneman,1,45.927977839335185
lions,2,95.06925207756233
new horizons,2,95.06925207756233
spanish civil war,1,45.927977839335185
marlon james,1,45.927977839335185
fiddler on the roof,1,45.927977839335185
bridges,1,45.927977839335185
plasmids,1,45.927977839335185
one-third,1,45.927977839335185
haruki murakami,1,45.927977839335185
harry harlow,1,45.927977839335185
pittsburgh,1,45.927977839335185
speed of light,1,45.927977839335185
st. johns night on bald mountain,1,45.927977839335185
hookes law,1,45.927977839335185
saint petersburg,1,45.927977839335185
pride and prejudice,1,45.927977839335185
mountains,1,45.927977839335185
mozart piano concertos,1,45.927977839335185
social democratic party of germany,1,45.927977839335185
sergei rachmaninoff,1,45.927977839335185
god of small things,1,45.927977839335185
canaan,1,45.927977839335185
trail of tears,1,45.927977839335185
song dynasty,1,45.927977839335185
kidney,1,45.927977839335185
battle of plassey,1,45.927977839335185
watson and the shark,1,45.927977839335185
alice,2,95.06925207756233
daffodils,1,45.927977839335185
czech,1,45.927977839335185
oldness,1,45.927977839335185
rudyard kipling,1,45.927977839335185
tangent lines,1,45.927977839335185
pol pot,1,45.927977839335185
the birthmark,1,45.927977839335185
post,1,45.927977839335185
moon,1,45.927977839335185
to his coy mistress,1,45.927977839335185
hong kong special administrative region,1,45.927977839335185
edward elgar,2,95.06925207756233
sorting algorithm,1,45.927977839335185
acceleration,1,45.927977839335185
size exclusion chromatography,1,45.927977839335185
bluest eyesaac kirk-davidoff,1,45.927977839335185
seismic waves,1,45.927977839335185
gare st. lazare,1,45.927977839335185
mencius,1,45.927977839335185
kingdom of thailand,1,45.927977839335185
hellburners,1,45.927977839335185
varuna,1,45.927977839335185
salmonella,1,45.927977839335185
trinitite,1,45.927977839335185
subjects,1,45.927977839335185
shanghai,1,45.927977839335185
sylvia plath,1,45.927977839335185
the circus animals desertion,1,45.927977839335185
julian the apostate,1,45.927977839335185
battle of marathon,1,45.927977839335185
calvin,1,45.927977839335185
glucagon,1,45.927977839335185
general relativity,1,45.927977839335185
expanding the right to vote,1,45.927977839335185
goblin market,1,45.927977839335185
swanns way,1,45.927977839335185
chloroform,1,45.927977839335185
james joyce,1,45.927977839335185
tsar nicholas ii,1,45.927977839335185
gattamelata,1,45.927977839335185
ph or potential/power of hydrogen,1,45.927977839335185
mirrors,1,45.927977839335185
mongolia,1,45.927977839335185
ares,1,45.927977839335185
mario lemieux,1,45.927977839335185
fractals,1,45.927977839335185
galen,1,45.927977839335185
house made of dawn,1,45.927977839335185
david hume,2,95.06925207756233
artificial intelligence,1,45.927977839335185
polynomials,1,45.927977839335185
emotions,1,45.927977839335185
liquid crystals,1,45.927977839335185
uncle tom,1,45.927977839335185
spanish florida,1,45.927977839335185
wartburg castle tiebreaker,1,45.927977839335185
vishnu,1,45.927977839335185
valhalla,1,45.927977839335185
james ensor,1,45.927977839335185
king arthur pendragon,1,45.927977839335185
maori,1,45.927977839335185
alveoli,1,45.927977839335185
diatomic oxygen,1,45.927977839335185
malawi,1,45.927977839335185
asking for forgiveness,1,45.927977839335185
s angels in america a gay fantasia on national themes,1,45.927977839335185
eva braun,1,45.927977839335185
hades,1,45.927977839335185
combustion,1,45.927977839335185
swiss family robinson,1,45.927977839335185
love in the time of cholera,1,45.927977839335185
robert graves,2,95.06925207756233
rigoletto,1,45.927977839335185
cecil john rhodes,1,45.927977839335185
estado novo,1,45.927977839335185
proteins,1,45.927977839335185
jhumpa lahiri,1,45.927977839335185
acids,2,95.06925207756233
cyanide,1,45.927977839335185
inductor,1,45.927977839335185
ireland,4,99.83379501385042
susan brownell anthony,1,45.927977839335185
hypergeometric,1,45.927977839335185
paul martin 5,1,45.927977839335185
republic of fiji,1,45.927977839335185
diane arbus,1,45.927977839335185
stars,1,45.927977839335185
fountains,1,45.927977839335185
idomeneo re di creta,1,45.927977839335185
cambrian period,1,45.927977839335185
georges danton,1,45.927977839335185
dogon,1,45.927977839335185
silvio berlusconi,1,45.927977839335185
geomagnetic field,1,45.927977839335185
republic of the philippines,1,45.927977839335185
quantum circuits,1,45.927977839335185
salome,1,45.927977839335185
playboy of the western world,1,45.927977839335185
roses,1,45.927977839335185
soldiers,1,45.927977839335185
alexander suvorov,1,45.927977839335185
sublimation,1,45.927977839335185
winesburg ohio,1,45.927977839335185
carnation revolution,1,45.927977839335185
area 51,1,45.927977839335185
modest petrovich mussorgsky,1,45.927977839335185
richard heck,1,45.927977839335185
achilles,1,45.927977839335185
lord krishna,1,45.927977839335185
greenland,1,45.927977839335185
tokugawa ieyasu,1,45.927977839335185
karl emil maximilian weber,1,45.927977839335185
tea,1,45.927977839335185
speech acts,1,45.927977839335185
death,2,95.06925207756233
uncle toms cabin or life among the lowly,2,95.06925207756233
republic of the union of myanmar,1,45.927977839335185
michael palin,1,45.927977839335185
yield curves,1,45.927977839335185
importance of being earnest,1,45.927977839335185
treasurer of the united states,1,45.927977839335185
battle of copenhagen,1,45.927977839335185
cholesterol,3,99.0027700831025
belief,1,45.927977839335185
street art urban art,1,45.927977839335185
gioachino antonio rossini,1,45.927977839335185
william the conqueror,1,45.927977839335185
oklahoma,1,45.927977839335185
rodriguez,1,45.927977839335185
ganesha,2,95.06925207756233
caribbean sea,1,45.927977839335185
gaius julius caesar,1,45.927977839335185
urea cycle,1,45.927977839335185
kievan rus,1,45.927977839335185
municipality of beijing,1,45.927977839335185
david hilbert,1,45.927977839335185
cosette,1,45.927977839335185
german,3,99.0027700831025
silver,3,99.0027700831025
martin scorsese,1,45.927977839335185
santeria,1,45.927977839335185
viruses,1,45.927977839335185
joseph stalin or ioseb besarionis dze jughashvili,1,45.927977839335185
theodore roosevelt,2,95.06925207756233
louisa may alcott scop b round 6 page 2 of 4,1,45.927977839335185
entropy,3,99.0027700831025
antonin dvorak,1,45.927977839335185
robert browning,2,95.06925207756233
new orleans,1,45.927977839335185
birds,1,45.927977839335185
italy,7,100.0
band gap,1,45.927977839335185
tarsila do amaral,1,45.927977839335185
poems,1,45.927977839335185
galileo galilei,2,95.06925207756233
mississippi,2,95.06925207756233
brian boru,1,45.927977839335185
kosovo war,1,45.927977839335185
jean-paul sartre,3,99.0027700831025
tupamaros,1,45.927977839335185
paramagnetism,1,45.927977839335185
aluminum,1,45.927977839335185
pablo neruda,1,45.927977839335185
johann wolfgang von goethe,2,95.06925207756233
new york public library main branch,1,45.927977839335185
isauria,1,45.927977839335185
cherry orchard,1,45.927977839335185
billy budd sailor,1,45.927977839335185
constantine i,2,95.06925207756233
beethoven string quartets,1,45.927977839335185
battle of singapore,1,45.927977839335185
haitian revolution or revolt,1,45.927977839335185
carbon,1,45.927977839335185
communist manifesto,1,45.927977839335185
argentina,1,45.927977839335185
uber,1,45.927977839335185
madagascar,1,45.927977839335185
cutting hair,1,45.927977839335185
lapse rate,1,45.927977839335185
brooklyn heights,1,45.927977839335185
molecular polarizability,1,45.927977839335185
mali empire,2,95.06925207756233
scarlatti,1,45.927977839335185
haitian voodoo,1,45.927977839335185
critique of pure reason,2,95.06925207756233
friedrich von hayek,1,45.927977839335185
cherokee,1,45.927977839335185
francis marion,1,45.927977839335185
washington,1,45.927977839335185
mute girl of portici,1,45.927977839335185
heart,1,45.927977839335185
huguenots,2,95.06925207756233
phyllis schlafly,1,45.927977839335185
herman hesse,1,45.927977839335185
asphodel that greeny flower,1,45.927977839335185
alexander pope,3,99.0027700831025
theophile gautier,1,45.927977839335185
burma,1,45.927977839335185
mark messier,1,45.927977839335185
bioshock 2,1,45.927977839335185
jorge luis borges,2,95.06925207756233
albatrosses,1,45.927977839335185
william jennings bryan,1,45.927977839335185
anne finch,1,45.927977839335185
gunter grass,1,45.927977839335185
madame bovary,1,45.927977839335185
summer i turned pretty,1,45.927977839335185
division of labor,1,45.927977839335185
jesus prayer,1,45.927977839335185
bassoon,2,95.06925207756233
french,1,45.927977839335185
james hogg,1,45.927977839335185
ben jonson,1,45.927977839335185
plessy v. ferguson,1,45.927977839335185
joseph bonaparte,1,45.927977839335185
crowns,1,45.927977839335185
republic of chile,1,45.927977839335185
recursion,1,45.927977839335185
50 pounds,1,45.927977839335185
raymond carver,1,45.927977839335185
brideshead revisited,2,95.06925207756233
against the day,1,45.927977839335185
commonwealth of australia,2,95.06925207756233
predators,1,45.927977839335185
particle size,1,45.927977839335185
electronic instruments,1,45.927977839335185
david balfour,1,45.927977839335185
humoresque,1,45.927977839335185
igor fyodorovich stravinsky,1,45.927977839335185
kokugaku,1,45.927977839335185
yale university,1,45.927977839335185
lava,1,45.927977839335185
factorial function,1,45.927977839335185
macys,1,45.927977839335185
lillian hellman,1,45.927977839335185
firearms,1,45.927977839335185
hula,1,45.927977839335185
gaius iulius vindex rebellion,1,45.927977839335185
nicholas rubashov,1,45.927977839335185
ants,1,45.927977839335185
tam oshanter,1,45.927977839335185
pepe the frog,1,45.927977839335185
macular degeneration,1,45.927977839335185
frederick winslow taylor,1,45.927977839335185
zinc,1,45.927977839335185
bernoulli,1,45.927977839335185
amino acids,2,95.06925207756233
death of santiago nasar,1,45.927977839335185
julio cortazar,1,45.927977839335185
king of poland,1,45.927977839335185
pre-raphaelite brotherhood,1,45.927977839335185
walt whitman,2,95.06925207756233
pictures from brueghel and other poems,1,45.927977839335185
trusses,1,45.927977839335185
fungi,2,95.06925207756233
winslow homer,1,45.927977839335185
table tennis,1,45.927977839335185
carnivals,1,45.927977839335185
battle of thermopylae,1,45.927977839335185
johannes gutenberg,1,45.927977839335185
odessa tales,1,45.927977839335185
great flood,1,45.927977839335185
sir tom stoppard,1,45.927977839335185
pair production,1,45.927977839335185
water,1,45.927977839335185
artists,1,45.927977839335185
slaves,1,45.927977839335185
brazil,2,95.06925207756233
fish,1,45.927977839335185
diaries,1,45.927977839335185
malaria,1,45.927977839335185
cu chulainn,1,45.927977839335185
albrecht durer,1,45.927977839335185
chamberlain,1,45.927977839335185
pollination,1,45.927977839335185
francis ford,1,45.927977839335185
baron roman nikolai maximilian mad baron von ungern-sternberg,1,45.927977839335185
malcolm lowry,1,45.927977839335185
medulla oblongata,1,45.927977839335185
kingdom of portugal,1,45.927977839335185
lady murasaki,1,45.927977839335185
collagen,2,95.06925207756233
conservative and unionist party,1,45.927977839335185
dirac matrices,1,45.927977839335185
simone de beauvoir,1,45.927977839335185
nicki minaj,1,45.927977839335185
all quiet on the western front,1,45.927977839335185
vampires,1,45.927977839335185
mystery plays,1,45.927977839335185
fasting,1,45.927977839335185
friction,2,95.06925207756233
athens,1,45.927977839335185
george h. w. bush,2,95.06925207756233
haley reeves barbour,1,45.927977839335185
carl friedrich gauss,1,45.927977839335185
prophets,1,45.927977839335185
human needs,1,45.927977839335185
last kingdom,1,45.927977839335185
dewitt,1,45.927977839335185
benedict arnold,1,45.927977839335185
slash,1,45.927977839335185
pullman strike,1,45.927977839335185
smyrna,1,45.927977839335185
bread,1,45.927977839335185
billy joel,1,45.927977839335185
alexander the great,1,45.927977839335185
john stuart mill,2,95.06925207756233
either/or,1,45.927977839335185
august ferdinand mobius,1,45.927977839335185
alfred emanuel al smith,1,45.927977839335185
felix mendelssohn-bartholdy,1,45.927977839335185
babur,1,45.927977839335185
homosexuality,1,45.927977839335185
charlemagne,1,45.927977839335185
school of athens,1,45.927977839335185
electric potential,1,45.927977839335185
mothers,2,95.06925207756233
augusto cesar sandino,1,45.927977839335185
parsons cause,1,45.927977839335185
surrealism,1,45.927977839335185
middle-earth,1,45.927977839335185
vasco da gama,2,95.06925207756233
ancient egypt,1,45.927977839335185
republic,2,95.06925207756233
albert otto hirschman,1,45.927977839335185
jawaharlal nehru,2,95.06925207756233
eleanor roosevelt,2,95.06925207756233
jacob boehme,1,45.927977839335185
soviet union,1,45.927977839335185
red,3,99.0027700831025
james turrell,1,45.927977839335185
wisconsin,1,45.927977839335185
tale of genji,1,45.927977839335185
ovid,1,45.927977839335185
jackson pollock,1,45.927977839335185
marriage,1,45.927977839335185
rhine river,1,45.927977839335185
sweden,2,95.06925207756233
four,1,45.927977839335185
tom stoppard,1,45.927977839335185
cerebellum,1,45.927977839335185
old curiosity shop,1,45.927977839335185
levi woodbury,1,45.927977839335185
mass a theatre piece for singers players and dancers,1,45.927977839335185
giants,2,95.06925207756233
busing,1,45.927977839335185
edwin hubble,1,45.927977839335185
harpsichord,1,45.927977839335185
arab republic of egypt,1,45.927977839335185
karma,1,45.927977839335185
causal determinism,1,45.927977839335185
balance of trade,1,45.927977839335185
mounds,1,45.927977839335185
apache,1,45.927977839335185
spleen,1,45.927977839335185
ice,1,45.927977839335185
ronald reagan,1,45.927977839335185
george balanchine and igor stravinsky,1,45.927977839335185
prince hamlet of denmark,1,45.927977839335185
mars being disarmed by venus and the three graces,1,45.927977839335185
power,1,45.927977839335185
harmonium,1,45.927977839335185
manchu,1,45.927977839335185
william penn,1,45.927977839335185
python,1,45.927977839335185
adolphe adam,1,45.927977839335185
thomas kuhn,1,45.927977839335185
dueling,1,45.927977839335185
nigeria,2,95.06925207756233
diodes,1,45.927977839335185
hydrothermal vents,1,45.927977839335185
dante,1,45.927977839335185
obsidian,1,45.927977839335185
surveying,1,45.927977839335185
arvo part,1,45.927977839335185
pauls first epistle to the corinthians,1,45.927977839335185
lourdes,1,45.927977839335185
opium wars,1,45.927977839335185
neurons,2,95.06925207756233
emotion,1,45.927977839335185
physicalism,1,45.927977839335185
whos afraid of virginia woolf,1,45.927977839335185
limits,1,45.927977839335185
sappho of lesbos,1,45.927977839335185
operon,1,45.927977839335185
sun,1,45.927977839335185
imperial hotel in tokyo,1,45.927977839335185
lyndon larouche jr.,1,45.927977839335185
dead souls,1,45.927977839335185
lupercalia,1,45.927977839335185
nebuchadnezzar ii,1,45.927977839335185
piano sonatas,1,45.927977839335185
louis pasteur,1,45.927977839335185
back to the future,1,45.927977839335185
rhode island,1,45.927977839335185
brain in a vat,1,45.927977839335185
draco,1,45.927977839335185
angular momentum,2,95.06925207756233
judith beheading holofernes,1,45.927977839335185
ngugi wa thiongo,1,45.927977839335185
cedar wood,1,45.927977839335185
zimbabwe,1,45.927977839335185
margaret mead,1,45.927977839335185
christopher columbus,1,45.927977839335185
republic of estonia,1,45.927977839335185
16th century,1,45.927977839335185
crime,1,45.927977839335185
pakistan,1,45.927977839335185
surface tension,1,45.927977839335185
bedrich smetana,1,45.927977839335185
grandpa joe,1,45.927977839335185
tarr bela,1,45.927977839335185
opium,1,45.927977839335185
robert moses,1,45.927977839335185
guns,1,45.927977839335185
bombing missions,1,45.927977839335185
press your luck cheating scandal,1,45.927977839335185
sound and the fury,1,45.927977839335185
republic of india,1,45.927977839335185
ph ed. gc,1,45.927977839335185
flute,2,95.06925207756233
agamemnon,1,45.927977839335185
costaguana,1,45.927977839335185
intelligence,1,45.927977839335185
marquis de lafayette,1,45.927977839335185
kitchen,1,45.927977839335185
robinson crusoe,2,95.06925207756233
ruritania,1,45.927977839335185
romantic,1,45.927977839335185
whig party,1,45.927977839335185
kublai khan,1,45.927977839335185
abolition of slavery,1,45.927977839335185
three studies for figures at the base of a crucifixion,1,45.927977839335185
hermann karl hesse,1,45.927977839335185
ira,1,45.927977839335185
edward hopper,2,95.06925207756233
jackson,1,45.927977839335185
clifford geertz,1,45.927977839335185
dragons,1,45.927977839335185
thomas de quincey,1,45.927977839335185
nebulae,1,45.927977839335185
pathetique symphony,1,45.927977839335185
soap,1,45.927977839335185
john donnes sermons,1,45.927977839335185
tunisia,1,45.927977839335185
unemployment,1,45.927977839335185
catholic priests,1,45.927977839335185
thomas jefferson,1,45.927977839335185
andrew jackson,1,45.927977839335185
jean piaget,1,45.927977839335185
squatters,1,45.927977839335185
henri matisse,1,45.927977839335185
moonlight sonata,2,95.06925207756233
vincent van gogh,1,45.927977839335185
why we fight,1,45.927977839335185
clouds,1,45.927977839335185
derivative,1,45.927977839335185
ships,1,45.927977839335185
wells fargo,1,45.927977839335185
cylinders,1,45.927977839335185
death in venice,1,45.927977839335185
charles ii,1,45.927977839335185
chinua achebe,1,45.927977839335185
suitable boy,1,45.927977839335185
gospel according to mark,1,45.927977839335185
make-a-wish kid,1,45.927977839335185
chalcogens,1,45.927977839335185
john keats,3,99.0027700831025
nitrogen and oxygen,1,45.927977839335185
england,1,45.927977839335185
sense & sensibility,1,45.927977839335185
mortal,1,45.927977839335185
surface temperature,1,45.927977839335185
james dean,1,45.927977839335185
evolution of dance,1,45.927977839335185
coral reefs,1,45.927977839335185
juan rulfo 2,1,45.927977839335185
american tragedy,1,45.927977839335185
almanac,1,45.927977839335185
steel,1,45.927977839335185
ernesto che guevara,2,95.06925207756233
magnetic flux,1,45.927977839335185
shake it off,1,45.927977839335185
lu xun or lu hsun,1,45.927977839335185
earths core,1,45.927977839335185
house of romanov,1,45.927977839335185
catch-22,1,45.927977839335185
jean-jacques rousseau,2,95.06925207756233
regular expressions,1,45.927977839335185
black death,1,45.927977839335185
lolita,1,45.927977839335185
hendrik lorentz,1,45.927977839335185
area,1,45.927977839335185
cryptocurrency,1,45.927977839335185
candide,2,95.06925207756233
price discrimination,1,45.927977839335185
houses,1,45.927977839335185
confession of sins,1,45.927977839335185
us secretary of the treasury,1,45.927977839335185
ravenna,1,45.927977839335185
matilda,1,45.927977839335185
republican party,1,45.927977839335185
aleutian islands,1,45.927977839335185
unbearable lightness of being,1,45.927977839335185
incan civilization,1,45.927977839335185
sickle-cell anemia,1,45.927977839335185
gps,1,45.927977839335185
battle of okinawa,1,45.927977839335185
desert islands,1,45.927977839335185
rna or ribonucleic acid,1,45.927977839335185
persian gulf,1,45.927977839335185
battle royale,1,45.927977839335185
robert traill spence lowell jr.,1,45.927977839335185
the murders in the rue morgue,1,45.927977839335185
triangles,2,95.06925207756233
los angeles,1,45.927977839335185
dreyfus affair,1,45.927977839335185
judaism,1,45.927977839335185
frederick the great,1,45.927977839335185
sharpeville massacre,1,45.927977839335185
andes,1,45.927977839335185
ammonia,2,95.06925207756233
doppler effect,1,45.927977839335185
echinodermata,1,45.927977839335185
personal matter,1,45.927977839335185
german unification,1,45.927977839335185
vladimir ilyich lenin,1,45.927977839335185
louis xvi,1,45.927977839335185
greek,2,95.06925207756233
factories,1,45.927977839335185
american revolution,1,45.927977839335185
cucumbers,1,45.927977839335185
miltiades,1,45.927977839335185
charles ives,1,45.927977839335185
glaciers,1,45.927977839335185
languages of thought,1,45.927977839335185
frontallobe,1,45.927977839335185
jacob,1,45.927977839335185
golden hour,1,45.927977839335185
real numbers,1,45.927977839335185
down syndrome,1,45.927977839335185
phosphate ion/s,1,45.927977839335185
arrow of god,1,45.927977839335185
kurt warner,1,45.927977839335185
bologna,1,45.927977839335185
japanese-american internment,1,45.927977839335185
creel committee,1,45.927977839335185
god or patron deity of healing or medicine or doctoring or equivalents,1,45.927977839335185
hadith,1,45.927977839335185
mexico city,1,45.927977839335185
carnival of the animals,1,45.927977839335185
sos response,1,45.927977839335185
fourier series,1,45.927977839335185
capacitance,1,45.927977839335185
lizzie borden,1,45.927977839335185
iron,2,95.06925207756233
poseidon,2,95.06925207756233
poland,1,45.927977839335185
protestantism,1,45.927977839335185
hyper,1,45.927977839335185
arabic,2,95.06925207756233
new criticism,1,45.927977839335185
carbon dioxide,2,95.06925207756233
diffraction,1,45.927977839335185
daniel boorstin,1,45.927977839335185
robert sherwood,1,45.927977839335185
johann sebastian bach,1,45.927977839335185
quetzal,1,45.927977839335185
collisions,1,45.927977839335185
landscapes,1,45.927977839335185
mad men,1,45.927977839335185
troilus and criseyde,1,45.927977839335185
love medicine,1,45.927977839335185
erik erikson,1,45.927977839335185
florida &ltmhh&gt,1,45.927977839335185
victor marie hugo,1,45.927977839335185
otto von bismarck,1,45.927977839335185
wedding,1,45.927977839335185
maximum flow problem,1,45.927977839335185
physicians,1,45.927977839335185
albert camus,2,95.06925207756233
courtiers,1,45.927977839335185
boethius,1,45.927977839335185
the lady with the pet lapdog,1,45.927977839335185
perseus,1,45.927977839335185
senegal,1,45.927977839335185
luddites,1,45.927977839335185
whigs,1,45.927977839335185
united kingdom and australia,1,45.927977839335185
master chief petty officer john-117,1,45.927977839335185
wends,1,45.927977839335185
pines of rome or pini di roma,1,45.927977839335185
coonskin caps,1,45.927977839335185
icarus,1,45.927977839335185
interference,1,45.927977839335185
kind of blue,1,45.927977839335185
loops,1,45.927977839335185
elizabeth,1,45.927977839335185
9/11 attacks,1,45.927977839335185
kesha,1,45.927977839335185
earth,2,95.06925207756233
estrogens,1,45.927977839335185
john cabot,1,45.927977839335185
ocean currents,1,45.927977839335185
peer gynt,1,45.927977839335185
diamonds,1,45.927977839335185
michael romanov,1,45.927977839335185
pink,1,45.927977839335185
han kang,1,45.927977839335185
henry james,1,45.927977839335185
hazel levesque,1,45.927977839335185
reaction rate,1,45.927977839335185
sense and sensibility,1,45.927977839335185
killing eve,1,45.927977839335185
jamestown,1,45.927977839335185
battle of stoney creek,1,45.927977839335185
prometheus unbound,1,45.927977839335185
airplane bombings,1,45.927977839335185
teeth,1,45.927977839335185
arrhenius equation,1,45.927977839335185
yggdrasil,1,45.927977839335185
helium,1,45.927977839335185
gian lorenzo bernini,1,45.927977839335185
roman emperor,1,45.927977839335185
dolls house,1,45.927977839335185
kawabata yasunari,1,45.927977839335185
vietnam war,1,45.927977839335185
rutherford b. hayes,1,45.927977839335185
arnold schoenberg,1,45.927977839335185
helmholtz free energy,1,45.927977839335185
2019 uk general election,1,45.927977839335185
transition states,1,45.927977839335185
getting frozen in ice,1,45.927977839335185
lewis henry morgan,1,45.927977839335185
danube,1,45.927977839335185
francis ford coppola,1,45.927977839335185
mean,1,45.927977839335185
normal distribution,1,45.927977839335185
gpcrs,1,45.927977839335185
sir edward elgars symphony no. 1 in a-flat major,1,45.927977839335185
songlines,1,45.927977839335185
string quartets,2,95.06925207756233
liberty,1,45.927977839335185
mali,1,45.927977839335185
madonna of the long neck,1,45.927977839335185
british labour party,1,45.927977839335185
roller skates,1,45.927977839335185
two pi,1,45.927977839335185
long,1,45.927977839335185
paul dirac,1,45.927977839335185
john yossarian prompt on yo-yo,1,45.927977839335185
francisco goya,1,45.927977839335185
raid,1,45.927977839335185
cache,1,45.927977839335185
michael chabon,1,45.927977839335185
susanna and the elders,1,45.927977839335185
yukio mishima,1,45.927977839335185
pedro calderon de la barca,1,45.927977839335185
electronegativity,2,95.06925207756233
king david hotel bombing,1,45.927977839335185
baseball umpire,1,45.927977839335185
teton range,1,45.927977839335185
disgrace,1,45.927977839335185
catcher in the rye,1,45.927977839335185
yiddish,1,45.927977839335185
haiku,1,45.927977839335185
roman christians,1,45.927977839335185
impeachment of warren hastings,1,45.927977839335185
seattle,1,45.927977839335185
amazons,1,45.927977839335185
oklahoma city bombing,1,45.927977839335185
iroquois confederacy,1,45.927977839335185
prague spring,1,45.927977839335185
ninety-five theses,1,45.927977839335185
hyperion,1,45.927977839335185
las meninas,1,45.927977839335185
dallas cowboys,1,45.927977839335185
rome or roma,1,45.927977839335185
frost at midnight,1,45.927977839335185
one half,1,45.927977839335185
dido and aeneas,1,45.927977839335185
nas,1,45.927977839335185
rainbows,1,45.927977839335185
francois hollande,1,45.927977839335185
bananas,1,45.927977839335185
westworld,1,45.927977839335185
young,1,45.927977839335185
translation,1,45.927977839335185
amber,1,45.927977839335185
battle of karbala,1,45.927977839335185
nougat,1,45.927977839335185
plath family,1,45.927977839335185
becky sharp,1,45.927977839335185
prisons,3,99.0027700831025
geoffrey chaucer,1,45.927977839335185
timur,1,45.927977839335185
phileas fogg,1,45.927977839335185
spoon river anthology,1,45.927977839335185
andrew carnegie,1,45.927977839335185
apicius,1,45.927977839335185
philip johnson,1,45.927977839335185
utah,4,99.83379501385042
khmer rouge,1,45.927977839335185
aquifer,1,45.927977839335185
lalbagh,1,45.927977839335185
alu elements,1,45.927977839335185
antonio lopez de santa anna,1,45.927977839335185
quantum tunneling,1,45.927977839335185
kristoffer zetterstrand,1,45.927977839335185
naples 3,1,45.927977839335185
summa theologiae,1,45.927977839335185
octopussy,1,45.927977839335185
length of the semi-major axis,1,45.927977839335185
hector,1,45.927977839335185
cistercians,1,45.927977839335185
republic of texas,1,45.927977839335185
siege of qingdao,1,45.927977839335185
waltzes,1,45.927977839335185
i taste a liquor never brewed,1,45.927977839335185
nazi party,1,45.927977839335185
emmanuel macron,1,45.927977839335185
italian,1,45.927977839335185
plague breakout,1,45.927977839335185
wales,1,45.927977839335185
bose-einstein condensates,1,45.927977839335185
rotterdam,1,45.927977839335185
yellow vests,1,45.927977839335185
laws of kashrut,1,45.927977839335185
john locke,1,45.927977839335185
platos apology of socrates,1,45.927977839335185
volcano,1,45.927977839335185
anything referring to dumbledore being gay,1,45.927977839335185
mary magdalene,1,45.927977839335185
battle of the thames,1,45.927977839335185
chesapeake & ohio railway,2,95.06925207756233
thomas edison,1,45.927977839335185
battle of the boyne,1,45.927977839335185
james fennimore cooper editors round 9,1,45.927977839335185
most interesting man in the world,1,45.927977839335185
istanbul,1,45.927977839335185
simonides of ceos,1,45.927977839335185
athol fugard,1,45.927977839335185
e.m. forster,1,45.927977839335185
evenings on a farm near dikanka,1,45.927977839335185
samarkand,1,45.927977839335185
cell nucleus,1,45.927977839335185
republic or de republica,1,45.927977839335185
adolf eichmann,1,45.927977839335185
battle of gettysburg,1,45.927977839335185
somalia,1,45.927977839335185
symphonie fantastique episode de la vie dun artiste ... en cinq parties,1,45.927977839335185
henry wadsworth longfellow,2,95.06925207756233
second symphonies,1,45.927977839335185
lots daughters,1,45.927977839335185
hitler diaries scandal,1,45.927977839335185
elmer j. fudd,1,45.927977839335185
bronislaw malinowski,1,45.927977839335185
truman capote,1,45.927977839335185
aphra behn,1,45.927977839335185
maine,1,45.927977839335185
friday,1,45.927977839335185
virgin islands,1,45.927977839335185
olmec,1,45.927977839335185
third crusade,1,45.927977839335185
penises,1,45.927977839335185
whistlers mother,1,45.927977839335185
william butler yeats and alistair crowley,1,45.927977839335185
moses,2,95.06925207756233
gargoyles,1,45.927977839335185
nth metal,1,45.927977839335185
earths oceans,1,45.927977839335185
skin,1,45.927977839335185
muammar qaddafi,1,45.927977839335185
charles de gaulle,1,45.927977839335185
synapses,1,45.927977839335185
mytilenian debate,1,45.927977839335185
crime and punishment,1,45.927977839335185
george frideric handel,1,45.927977839335185
divorce,1,45.927977839335185
minos,1,45.927977839335185
robert lee frost,1,45.927977839335185
university of southern california ~29862~,1,45.927977839335185
only angels have wings,1,45.927977839335185
united states secretary of state,1,45.927977839335185
rolls-royce limited,1,45.927977839335185
zack snyder,1,45.927977839335185
mesozoic era,1,45.927977839335185
alexandre dumas pere,1,45.927977839335185
sandro botticelli,1,45.927977839335185
anne bradstreet,1,45.927977839335185
memory,1,45.927977839335185
bahamas,1,45.927977839335185
china,1,45.927977839335185
memoirs of hadrian,1,45.927977839335185
hippocampus,1,45.927977839335185
mahabharata,2,95.06925207756233
lamb family,1,45.927977839335185
alexander ypsilantis,1,45.927977839335185
the yellow wallpaper,1,45.927977839335185
journey to the center of the earth,1,45.927977839335185
computers,1,45.927977839335185
osamu tezuka,1,45.927977839335185
quadrilaterals,1,45.927977839335185
o. henry,1,45.927977839335185
magnetic field,1,45.927977839335185
ballads,1,45.927977839335185
north macedonia,1,45.927977839335185
chicago police department,1,45.927977839335185
geronimo,1,45.927977839335185
categories,1,45.927977839335185
i pagliacci,2,95.06925207756233
shawshank redemption,1,45.927977839335185
world war i,2,95.06925207756233
icarly,1,45.927977839335185
tiresias,1,45.927977839335185
bone marrow,1,45.927977839335185
smurfs,1,45.927977839335185
sergei prokofiev,1,45.927977839335185
republic of haiti,1,45.927977839335185
anti-miscegenation laws,1,45.927977839335185
charles pierre baudelaire,1,45.927977839335185
ospedale della pieta,1,45.927977839335185
orientability,1,45.927977839335185
resonance,1,45.927977839335185
gospel according to jesus christ,1,45.927977839335185
magdalena carmen frida kahlo y calderon,1,45.927977839335185
cathedrals,1,45.927977839335185
goldfinches,1,45.927977839335185
capulet tomb,1,45.927977839335185
peroxisome,1,45.927977839335185
eid,1,45.927977839335185
true cross,1,45.927977839335185
okja,1,45.927977839335185
potential energy hypersurface,1,45.927977839335185
lee chang-dong,1,45.927977839335185
milwaukee bucks,1,45.927977839335185
elephants,1,45.927977839335185
republic of iceland,1,45.927977839335185
spiral arms,1,45.927977839335185
babylon,1,45.927977839335185
imagined communities,1,45.927977839335185
guernica,1,45.927977839335185
stockholm,2,95.06925207756233
aphrodite,1,45.927977839335185
paris,2,95.06925207756233
henrys law,1,45.927977839335185
temperature,2,95.06925207756233
friedrich schiller,1,45.927977839335185
iron or fe,1,45.927977839335185
federative republic of brazil,2,95.06925207756233
gravity,1,45.927977839335185
charles taylor,1,45.927977839335185
bye felicia,1,45.927977839335185
lake huron,1,45.927977839335185
incan empire,1,45.927977839335185
angular momentum operator,1,45.927977839335185
ancient egyptians,1,45.927977839335185
gnosticism,1,45.927977839335185
rabindranath tagore,2,95.06925207756233
retina,1,45.927977839335185
olefin metathesis,1,45.927977839335185
potentiometer,1,45.927977839335185
collision between shoemaker-levy 9 and jupiter,1,45.927977839335185
winter war,1,45.927977839335185
nernst equation,1,45.927977839335185
unemployment rate,1,45.927977839335185
gettysburg address,1,45.927977839335185
thomas ruggles pynchon jr.,1,45.927977839335185
wings,2,95.06925207756233
oliver cromwell,1,45.927977839335185
symphony no. 5,1,45.927977839335185
jesus christ,1,45.927977839335185
carmelo anthony,1,45.927977839335185
prince and the pauper,1,45.927977839335185
chariots,1,45.927977839335185
creation of the world,1,45.927977839335185
lexington kentucky,1,45.927977839335185
dulce et decorum est,1,45.927977839335185
boron,1,45.927977839335185
nichelle nichols,1,45.927977839335185
handmaids tale,2,95.06925207756233
raphael,1,45.927977839335185
monopoly,1,45.927977839335185
commonwealth of pennsylvania,1,45.927977839335185
e. e. cummings,1,45.927977839335185
james brown,1,45.927977839335185
grete samsa,1,45.927977839335185
mad max rockatansky,1,45.927977839335185
peale,1,45.927977839335185
heathcliffe,1,45.927977839335185
dating,1,45.927977839335185
voltage,2,95.06925207756233
alkanes,1,45.927977839335185
freya,1,45.927977839335185
violent bear it away,1,45.927977839335185
october,1,45.927977839335185
pomp and circumstance number 1 in d,1,45.927977839335185
pablo nerudas socks,1,45.927977839335185
la boheme,1,45.927977839335185
republic of guatemala,1,45.927977839335185
ionizing radiation,1,45.927977839335185
platelets,1,45.927977839335185
athol harold lannigan fugard,1,45.927977839335185
prime minister of australia,1,45.927977839335185
siena,1,45.927977839335185
ramses ii,1,45.927977839335185
mutiny on the hms bounty,2,95.06925207756233
algae,1,45.927977839335185
alps,1,45.927977839335185
nicola sacco and bartolomeo vanzetti,1,45.927977839335185
scientists,1,45.927977839335185
nature,1,45.927977839335185
storming of the united states capitol,1,45.927977839335185
frankenstein,1,45.927977839335185
violoncello,1,45.927977839335185
algiers,1,45.927977839335185
shiva,1,45.927977839335185
sigmund freud,2,95.06925207756233
arabian sea,1,45.927977839335185
edessa,1,45.927977839335185
invading the indian subcontinent,1,45.927977839335185
euclid of alexandria,1,45.927977839335185
proton,1,45.927977839335185
war of the polish succession,1,45.927977839335185
kingdom of hungary,1,45.927977839335185
food chains,1,45.927977839335185
attila the hun,1,45.927977839335185
tacitus,1,45.927977839335185
goalie for the buffalo sabres,1,45.927977839335185
1700s,1,45.927977839335185
radames,1,45.927977839335185
alfred stieglitz,1,45.927977839335185
mark fisher,1,45.927977839335185
hafez,1,45.927977839335185
phrenology,1,45.927977839335185
mr. fitzwilliam darcy,1,45.927977839335185
salinity,1,45.927977839335185
eve kosofsky sedgwick,1,45.927977839335185
hikikomori,1,45.927977839335185
beginners guide,1,45.927977839335185
x-rays,1,45.927977839335185
endgame,1,45.927977839335185
sleeping beauty,1,45.927977839335185
pieter brueghel the elder,1,45.927977839335185
jair bolsonaro,1,45.927977839335185
pythagoras of samos,1,45.927977839335185
costa concordia shipwreck,1,45.927977839335185
election of 1994,1,45.927977839335185
raft of the medusa,1,45.927977839335185
dallas,1,45.927977839335185
babe ruths called shot,1,45.927977839335185
micro-,1,45.927977839335185
egypt,1,45.927977839335185
gustave flaubert,1,45.927977839335185
genocide,1,45.927977839335185
modern english,1,45.927977839335185
bahai faith,1,45.927977839335185
second punic war,1,45.927977839335185
bodhi tree,1,45.927977839335185
step-growth polymerization,1,45.927977839335185
ku klux klan,1,45.927977839335185
caravaggio,1,45.927977839335185
senator of california,1,45.927977839335185
requiems &ltkk&gt,1,45.927977839335185
yemeni civil war,1,45.927977839335185
cincinnati reds,1,45.927977839335185
medea,3,99.0027700831025
blue scop b round 1 page 4 of 4,1,45.927977839335185
executions,1,45.927977839335185
nathaniel hawthorne,1,45.927977839335185
tornadoes,1,45.927977839335185
nile river,1,45.927977839335185
uranium moderator note please emphasize in a manner that makes it clear first line is a quote not just vagueness.,1,45.927977839335185
names of pharaohs,1,45.927977839335185
beethovens ninth symphony,1,45.927977839335185
watergate scandal,1,45.927977839335185
cello concertos,1,45.927977839335185
sudeten germans,1,45.927977839335185
amritsar massacre,1,45.927977839335185
st. lucia,1,45.927977839335185
qurʼan,1,45.927977839335185
ernest hemingway,1,45.927977839335185
nashville,1,45.927977839335185
georg wilhelm friedrich hegel,1,45.927977839335185
regulator revolt or uprising etc.,1,45.927977839335185
alvar nunez cabeza de vaca,1,45.927977839335185
federico garcia lorca,1,45.927977839335185
calcutta,1,45.927977839335185
jonas savimbi,1,45.927977839335185
catherine barkley,1,45.927977839335185
sublime,1,45.927977839335185
cyanide ion,1,45.927977839335185
language acquisition,1,45.927977839335185
hillary diana rodham clinton,1,45.927977839335185
milton friedman,1,45.927977839335185
togas,1,45.927977839335185
blindness,1,45.927977839335185
bunbury,1,45.927977839335185
hans holbein the younger,1,45.927977839335185
scheherezade,1,45.927977839335185
mogwai,1,45.927977839335185
kansas city missouri ~29927~,2,95.06925207756233
duchy of brittany,1,45.927977839335185
wallace stevens,1,45.927977839335185
what is to be done,1,45.927977839335185
jumping,1,45.927977839335185
invasion of the body snatchers,1,45.927977839335185
abu dhabi,1,45.927977839335185
indulgences,1,45.927977839335185
lochner era,1,45.927977839335185
goa,1,45.927977839335185
aswan high dam,1,45.927977839335185
united kingdom,1,45.927977839335185
democracy,1,45.927977839335185
krishna,1,45.927977839335185
scotland,1,45.927977839335185
divine comedy,1,45.927977839335185
jesus,1,45.927977839335185
awakening,1,45.927977839335185
king lears daughters,1,45.927977839335185
death of diana princess of wales,1,45.927977839335185
soul,1,45.927977839335185
dada,1,45.927977839335185
nanjing,1,45.927977839335185
ozymandias,1,45.927977839335185
bayreuth festspielhaus,1,45.927977839335185
nepal,1,45.927977839335185
troy,1,45.927977839335185
hpv,1,45.927977839335185
genies,1,45.927977839335185
auxins,1,45.927977839335185
videotape,1,45.927977839335185
chile,1,45.927977839335185
gas station,1,45.927977839335185
pottery,1,45.927977839335185
alfred kroeber,1,45.927977839335185
system size,1,45.927977839335185
brilliant corners,1,45.927977839335185
fats waller,1,45.927977839335185
drag performance,1,45.927977839335185
bath s of zeuxippus,1,45.927977839335185
annunciation,1,45.927977839335185
united kingdom and germany,1,45.927977839335185
using english,1,45.927977839335185
lithium,1,45.927977839335185
negative one,1,45.927977839335185
ghost in the machine,1,45.927977839335185
council of trent,1,45.927977839335185
porifera,1,45.927977839335185
boats,2,95.06925207756233
joyce carol oates,1,45.927977839335185
the lottery,1,45.927977839335185
velocity,1,45.927977839335185
spelling bees,1,45.927977839335185
2012 summer olympics,1,45.927977839335185
volumetric mass density,1,45.927977839335185
ernst mach,1,45.927977839335185
daniel,1,45.927977839335185
geishas,1,45.927977839335185
thomas aquinas,1,45.927977839335185
zhouenlai,1,45.927977839335185
notes to the wasteland,1,45.927977839335185
redox reactions,1,45.927977839335185
battle of saratoga,1,45.927977839335185
symphony no. 5 by ludwig van beethoven,1,45.927977839335185
antoine-laurent de lavoisier,1,45.927977839335185
howl,1,45.927977839335185
solvents,1,45.927977839335185
rabies,1,45.927977839335185
federal reserve system,1,45.927977839335185
dark matter,1,45.927977839335185
joel embiid,1,45.927977839335185
francisco jose de goya y lucientes,1,45.927977839335185
carbon monoxide,1,45.927977839335185
autism spectrum disorder,1,45.927977839335185
streltsy,1,45.927977839335185
thomas mann,1,45.927977839335185
vichy france,1,45.927977839335185
weber,1,45.927977839335185
tumor necrosis factor alpha,1,45.927977839335185
vaslav nijinsky,1,45.927977839335185
romania,1,45.927977839335185
nobuo uematsu,1,45.927977839335185
buffer solutions,1,45.927977839335185
italiano,1,45.927977839335185
gamblers,1,45.927977839335185
witches,1,45.927977839335185
density,1,45.927977839335185
bubbles,1,45.927977839335185
turbulence,1,45.927977839335185
kashmir,1,45.927977839335185
mennonites,1,45.927977839335185
sulfur,3,99.0027700831025
knoevenagel condensation,1,45.927977839335185
john singer sargent,1,45.927977839335185
red cross,1,45.927977839335185
edward morgan forster,1,45.927977839335185
contingency,1,45.927977839335185
durga,1,45.927977839335185
zircons,1,45.927977839335185
stendhal,1,45.927977839335185
crowd crushes,1,45.927977839335185
france and the kingdom of sweden,1,45.927977839335185
pather panchali,1,45.927977839335185
jason,1,45.927977839335185
claudian invasion of britain,1,45.927977839335185
alaric i,1,45.927977839335185
spiegelman family,1,45.927977839335185
god,1,45.927977839335185
fullerenes,1,45.927977839335185
vomiting,1,45.927977839335185
1917 russian revolution,1,45.927977839335185
playstation vr,1,45.927977839335185
invisible man,1,45.927977839335185
gold,1,45.927977839335185
family,1,45.927977839335185
frigga,1,45.927977839335185
hematopoietic stem cell transplant,1,45.927977839335185
ralph waldo emerson,1,45.927977839335185
aids epidemic,1,45.927977839335185
winnie-the-pooh,1,45.927977839335185
vitamin a,1,45.927977839335185
wealth,1,45.927977839335185
ideal gas law,1,45.927977839335185
immanuel kant,3,99.0027700831025
doctor zhivago,1,45.927977839335185
kingdom of morocco,1,45.927977839335185
histories of alexander the great,1,45.927977839335185
field,1,45.927977839335185
gulf of bothnia,1,45.927977839335185
aztec civilisation,1,45.927977839335185
constantin brancusi,1,45.927977839335185
aquifers,1,45.927977839335185
four branches of the mabinogi,1,45.927977839335185
christa wolf,1,45.927977839335185
wind ensemble,1,45.927977839335185
initials,1,45.927977839335185
pianoforte,1,45.927977839335185
messenian wars,1,45.927977839335185
echinodermata or echinoderms,1,45.927977839335185
delhi sultanate,1,45.927977839335185
attempted assassination of donald trump,1,45.927977839335185
franz boas,1,45.927977839335185
ivan bunin,1,45.927977839335185
pilgrims progress,1,45.927977839335185
august wilson,1,45.927977839335185
resistance,1,45.927977839335185
existentialism,2,95.06925207756233
gas stations,1,45.927977839335185
despacito,1,45.927977839335185
gaius valerius catullus,1,45.927977839335185
baseball games,1,45.927977839335185
franz kafka,1,45.927977839335185
children,1,45.927977839335185
r.u.r.,1,45.927977839335185
alcohols,1,45.927977839335185
martin luther king jr.,1,45.927977839335185
cyclin,1,45.927977839335185
newtons second law of motion,1,45.927977839335185
neutron stars,1,45.927977839335185
virginia,1,45.927977839335185
rembrandt harmenszoon van rijn,1,45.927977839335185
startup,1,45.927977839335185
operation valkyrie,1,45.927977839335185
gaius gracchus,1,45.927977839335185
eugene delacroix,1,45.927977839335185
quebec,1,45.927977839335185
irish potato famine,1,45.927977839335185
photosynthesis,1,45.927977839335185
james abbot mcneill whistler,1,45.927977839335185
cormac mccarthy,1,45.927977839335185
pyotr ilyich tchaikovsky,1,45.927977839335185
bop,1,45.927977839335185
stanley milgram,1,45.927977839335185
microtubules,1,45.927977839335185
moral statements,1,45.927977839335185
emperor of japan,1,45.927977839335185
battle of midway,1,45.927977839335185
kalevala,1,45.927977839335185
kingsley amis,1,45.927977839335185
moscow,1,45.927977839335185
nessun dorma,1,45.927977839335185
sex change,1,45.927977839335185
sappho,1,45.927977839335185
north korea,1,45.927977839335185
minimum-weight spanning trees,1,45.927977839335185
grigori rasputin,1,45.927977839335185
names,1,45.927977839335185
sikhism,1,45.927977839335185
tales of hoffmann,1,45.927977839335185
thomas malthus,1,45.927977839335185
guitar solo from free bird,1,45.927977839335185
lorrie moore,1,45.927977839335185
global sea surface temperatures,1,45.927977839335185
sugar,1,45.927977839335185
charles cornwallis,1,45.927977839335185
russian serfs,1,45.927977839335185
henry,1,45.927977839335185
magic flute,1,45.927977839335185
pygmalion,1,45.927977839335185
intentional walk,1,45.927977839335185
buddy guy,1,45.927977839335185
tappan,1,45.927977839335185
flowers,1,45.927977839335185
book of esther,1,45.927977839335185
buddhist temples,1,45.927977839335185
barbara walters,1,45.927977839335185
boston massachusetts,1,45.927977839335185
california gold rush,1,45.927977839335185
a day in the life,1,45.927977839335185
presidents of mexico,1,45.927977839335185
four seasons,1,45.927977839335185
felix klein,1,45.927977839335185
mount ida,1,45.927977839335185
robert frost,1,45.927977839335185
mexico,1,45.927977839335185
hanging gardens of babylon,1,45.927977839335185
macao,1,45.927977839335185
pride and prejudice and zombies,1,45.927977839335185
kingdom of aragon,1,45.927977839335185
complex numbers,1,45.927977839335185
distillation,1,45.927977839335185
particle accelerators,1,45.927977839335185
finland,1,45.927977839335185
wild/domestic turkeys,1,45.927977839335185
edgar degas,1,45.927977839335185
saturns moons,1,45.927977839335185
peoples budget,1,45.927977839335185
the open window,1,45.927977839335185
utility,1,45.927977839335185
pikes peak,1,45.927977839335185
sumo wrestlers,1,45.927977839335185
chernobyl,1,45.927977839335185
blade runner 2049,1,45.927977839335185
critical mass,1,45.927977839335185
george gershwin,1,45.927977839335185
mother jones,1,45.927977839335185
ibm,1,45.927977839335185
trip to the moon,1,45.927977839335185
middlemarch,1,45.927977839335185
virgil,1,45.927977839335185
stadtholder of the netherlands,1,45.927977839335185
ontological argument,1,45.927977839335185
chinese-americans,1,45.927977839335185
pompeii,1,45.927977839335185
nazi whose face is melted off,1,45.927977839335185
aozou strip,1,45.927977839335185
constitution of the united states,1,45.927977839335185
battle of magnesia,1,45.927977839335185
bartolo colons home run,1,45.927977839335185
thomas nagel,1,45.927977839335185
rome,1,45.927977839335185
heather,1,45.927977839335185
robert herrick,1,45.927977839335185
loki,1,45.927977839335185
orientalism,1,45.927977839335185
speeches by abraham lincoln,1,45.927977839335185
there she goes,1,45.927977839335185
giuseppe mazzini,1,45.927977839335185
simon de bolivar,1,45.927977839335185
cerebrum,1,45.927977839335185
echo and narcissus,1,45.927977839335185
marie de medici,1,45.927977839335185
alan sokal,1,45.927977839335185
anna karenina,1,45.927977839335185
yoruba people,1,45.927977839335185
ettore majorana,1,45.927977839335185
weak gravitational lensing,1,45.927977839335185
scoring a three-pointer,1,45.927977839335185
mars,1,45.927977839335185
republic of south africa,1,45.927977839335185
satyricon liber,1,45.927977839335185
esters,1,45.927977839335185
smith,1,45.927977839335185
the black cat,1,45.927977839335185
marc zakharovich chagall,1,45.927977839335185
witchcraft,1,45.927977839335185
human settlement of the americas,1,45.927977839335185
persian,1,45.927977839335185
blackbodies,1,45.927977839335185
ford motor company,1,45.927977839335185
gay men,1,45.927977839335185
emile durkheim,1,45.927977839335185
wuthering heights,1,45.927977839335185
joseph mccarthy,1,45.927977839335185
historical reenactment,2,95.06925207756233
beethoven piano trios,1,45.927977839335185
perfumes,1,45.927977839335185
jeremy bentham,1,45.927977839335185
piano,1,45.927977839335185
justice,1,45.927977839335185
electric field,1,45.927977839335185
inflation do not accept or prompt on deflation,1,45.927977839335185
thorstein bunde veblen,1,45.927977839335185
arjuna,1,45.927977839335185
percy bysshe shelley,1,45.927977839335185
peaches,1,45.927977839335185
qadr,1,45.927977839335185
achille-claude debussy,1,45.927977839335185
waiting for the barbarians,1,45.927977839335185
african americans,1,45.927977839335185
lent,1,45.927977839335185
lord of the flies,1,45.927977839335185
pinball machines,1,45.927977839335185
book of lamentations,1,45.927977839335185
darko milicic,1,45.927977839335185
gustav holst,1,45.927977839335185
harry s. truman,1,45.927977839335185
wolfgang amadeus mozart round 1,1,45.927977839335185
queen christina alexandra of sweden,1,45.927977839335185
gargantua and pantagruel,1,45.927977839335185
boris johnson,1,45.927977839335185
opposition to the dakota access pipeline,1,45.927977839335185
coyotes,1,45.927977839335185
novak djokovic,1,45.927977839335185
production possibilities frontier,1,45.927977839335185
marajo,1,45.927977839335185
whale falls,1,45.927977839335185
chartism,1,45.927977839335185
aunt julia and the scriptwriter,1,45.927977839335185
justinian i,1,45.927977839335185
vapor pressure,1,45.927977839335185
gods of the underworld,1,45.927977839335185
sweeping,1,45.927977839335185
north by northwest,1,45.927977839335185
philip augustus,1,45.927977839335185
tenochtitlan,1,45.927977839335185
aesthetics,1,45.927977839335185
romeo and juliets balcony scene,1,45.927977839335185
mongol conquest of china,1,45.927977839335185
endless column,1,45.927977839335185
hasmonean dynasty,1,45.927977839335185
stephen colbert,1,45.927977839335185
hermes,1,45.927977839335185
dr. lemuel gulliver,1,45.927977839335185
brownian motion,1,45.927977839335185
fusion reactors,1,45.927977839335185
romeo and juliet,1,45.927977839335185
democratic republic of the congo,1,45.927977839335185
sergei rachmaninoffs piano concerto no. 2,1,45.927977839335185
annie proulx,1,45.927977839335185
frederic chopin,1,45.927977839335185
glass,1,45.927977839335185
hirohito,1,45.927977839335185
acid,1,45.927977839335185
dean acheson,1,45.927977839335185
socrates,1,45.927977839335185
laotian civil war,1,45.927977839335185
miss julie,1,45.927977839335185
first transcontinental railroad,1,45.927977839335185
oscar wilde,1,45.927977839335185
partial charge,1,45.927977839335185
cello,1,45.927977839335185
madonnas by raphael sanzio da urbino,1,45.927977839335185
andy warhol,1,45.927977839335185
earl warren,1,45.927977839335185
housing,1,45.927977839335185
calculating pi,1,45.927977839335185
cairo,1,45.927977839335185
decisive moment,1,45.927977839335185
reinforced concrete,1,45.927977839335185
peter the great,1,45.927977839335185
charlie brown christmas,1,45.927977839335185
albigensian crusade,1,45.927977839335185
gilgamesh,1,45.927977839335185
erik the red,1,45.927977839335185
sonnets from the portuguese,1,45.927977839335185
idiot,1,45.927977839335185
navier-stokes equations,1,45.927977839335185
sharp,1,45.927977839335185
sicily,1,45.927977839335185
acetylcholine,1,45.927977839335185
henry morton stanley,1,45.927977839335185
heat capacity,1,45.927977839335185
teen titans,1,45.927977839335185
lagrangian,1,45.927977839335185
man for all seasons,1,45.927977839335185
ravens,1,45.927977839335185
blue,2,95.06925207756233
nadine gordimer,1,45.927977839335185
rene francois ghislain magritte,1,45.927977839335185
abuja nigeria,1,45.927977839335185
particle number,1,45.927977839335185
colossus and other poems,1,45.927977839335185
tribune of the plebes,1,45.927977839335185
franck-hertz experiment,1,45.927977839335185
polarisation of light,1,45.927977839335185
henry purcell,1,45.927977839335185
karamazov family,1,45.927977839335185
josephson effect,1,45.927977839335185
fishing,1,45.927977839335185
garnet joseph wolsley 1st viscount wolsley of wolseley baron wolseley of cairo and of wolseley,1,45.927977839335185
owls,1,45.927977839335185
maria theresa walburga amalia christina,1,45.927977839335185
enoch,1,45.927977839335185
ansel adams,1,45.927977839335185
having black skin,1,45.927977839335185
firefly,1,45.927977839335185
quantization,1,45.927977839335185
william graham sumner,1,45.927977839335185
ring cycle operas,1,45.927977839335185
girondists,1,45.927977839335185
niccolo machiavelli,1,45.927977839335185
aguas,1,45.927977839335185
my antonia,1,45.927977839335185
smyth report,1,45.927977839335185
edward the confessor,1,45.927977839335185
william wordsworth,1,45.927977839335185
gulf stream,1,45.927977839335185
boundary layer flow,1,45.927977839335185
assassination of franz ferdinand,1,45.927977839335185
six,1,45.927977839335185
sparta,1,45.927977839335185
the gift of the magi,1,45.927977839335185
arizona,1,45.927977839335185
clinton,1,45.927977839335185
raymond chandler,1,45.927977839335185
alexander konstantinovich glazunov,1,45.927977839335185
1960s,1,45.927977839335185
country and the city,1,45.927977839335185
roberto rossellini,1,45.927977839335185
stephen crane,1,45.927977839335185
joakim simon noah,1,45.927977839335185
johannes brahms,1,45.927977839335185
hajar,1,45.927977839335185
baritone saxophone,1,45.927977839335185
overnight service,1,45.927977839335185
constant,1,45.927977839335185
battle of lepanto,1,45.927977839335185
cotton mather,1,45.927977839335185
claude debussy,1,45.927977839335185
united states presidential election of 1992,1,45.927977839335185
string quartets by franz joseph haydn,1,45.927977839335185
john elway,1,45.927977839335185
functions,1,45.927977839335185
vancouver british columbia,1,45.927977839335185
tony stark or iron man,1,45.927977839335185
seamus justin heaney,1,45.927977839335185
