cluster_id,canonical_title,n_works,has_novel,has_film,novel_work_ids,film_work_ids,novel_qids,film_qids,recommended_entry_work_id,recommendation_notes
C0000,Citizen Kane,1,False,True,,W00000,,Q24815,,
C0001,The Godfather,1,False,True,,W00001,,Q47703,,
C0002,Casablanca,1,False,True,,W00002,,Q132689,,
C0003,Raging Bull,1,False,True,,W00003,,Q220780,,
C0004,Singin' in the Rain,1,False,True,,W00004,,Q309153,,
C0005,Gone with the Wind,2,True,True,W00510,W00005,Q2870,Q2875,,
C0006,Lawrence of Arabia,1,False,True,,W00006,,Q228186,,
C0007,Schindler's List,1,False,True,,W00007,,Q483941,,
C0008,Vertigo,1,False,True,,W00008,,Q2531983,,
C0009,The Wizard of Oz,1,False,True,,W00009,,Q193695,,
C0010,City Lights,1,False,True,,W00010,,Q238211,,
C0011,The Searchers,1,False,True,,W00011,,Q276769,,
C0012,Star Wars,2,False,True,,W00012; W00112,,Q17738; Q17738,,
C0013,Psycho,1,False,True,,W00013,,Q7256364,,
C0014,2001: A Space Odyssey,1,False,True,,W00014,,Q103474,,
C0015,Sunset Boulevard,1,False,True,,W00015,,Q193570,,
C0016,The Graduate,1,False,True,,W00016,,Q217627,,
C0017,The General,1,False,True,,W00017,,Q850159,,
C0018,On the Waterfront,1,False,True,,W00018,,Q211372,,
C0019,It's a Wonderful Life,1,False,True,,W00019,,Q204191,,
C0020,Chinatown,1,False,True,,W00020,,Q644987,,
C0021,Some Like It Hot,1,False,True,,W00021,,Q190086,,
C0022,The Grapes of Wrath,1,False,True,,W00022,,Q676039,,
C0023,E.T. the Extra-Terrestrial,1,False,True,,W00023,,Q11621,,
C0024,To Kill a Mockingbird,2,True,True,W00539,W00024,Q212340,Q177922,,
C0025,Mr. Smith Goes to Washington,1,False,True,,W00025,,Q866120,,
C0026,High Noon,1,False,True,,W00026,,Q245208,,
C0027,All About Eve,1,False,True,,W00027,,Q200299,,
C0028,Double Indemnity,1,False,True,,W00028,,Q478209,,
C0029,Heart of Darkness,2,True,True,W00457,W00029,Q129778,Q182692,,
C0030,The Maltese Falcon,1,False,True,,W00030,,Q221462,,
C0031,The Godfather Part II,1,False,True,,W00031,,Q184768,,
C0032,One Flew Over the Cuckoo's Nest,1,False,True,,W00032,,Q171669,,
C0033,Snow White and the Seven Dwarfs,1,False,True,,W00033,,Q134430,,
C0034,Annie Hall,1,False,True,,W00034,,Q233464,,
C0035,The Bridge on the River Kwai,1,False,True,,W00035,,Q188718,,
C0036,The Best Years of Our Lives,1,False,True,,W00036,,Q645094,,
C0037,The Treasure of the Sierra Madre,1,False,True,,W00037,,Q251559,,
C0038,Dr. Strangelove,1,False,True,,W00038,,Q105702,,
C0039,The Sound of Music,1,False,True,,W00039,,Q60072,,
C0040,King Kong,1,False,True,,W00040,,Q160215,,
C0041,Bonnie and Clyde,1,False,True,,W00041,,Q181776,,
C0042,Midnight Cowboy,1,False,True,,W00042,,Q61696,,
C0043,The Philadelphia Story,1,False,True,,W00043,,Q498822,,
C0044,Shane,1,False,True,,W00044,,Q2800558,,
C0045,It Happened One Night,1,False,True,,W00045,,Q208632,,
C0046,A Streetcar Named Desire,1,False,True,,W00046,,Q212129,,
C0047,Rear Window,1,False,True,,W00047,,Q34414,,
C0048,Intolerance,1,False,True,,W00048,,Q192206,,
C0049,The Lord of the Rings: The Fellowship of the Ring,1,False,True,,W00049,,Q127367,,
C0050,West Side Story,1,False,True,,W00050,,Q273704,,
C0051,Taxi Driver,1,False,True,,W00051,,Q47221,,
C0052,The Deer Hunter,1,False,True,,W00052,,Q201674,,
C0053,M*A*S*H,1,False,True,,W00053,,Q494085,,
C0054,North by Northwest,1,False,True,,W00054,,Q223139,,
C0055,Jaws,1,False,True,,W00055,,Q189505,,
C0056,Rocky,1,False,True,,W00056,,Q188652,,
C0057,The Gold Rush,1,False,True,,W00057,,Q214723,,
C0058,Nashville,1,False,True,,W00058,,Q1424258,,
C0059,Duck Soup,1,False,True,,W00059,,Q1125566,,
C0060,Sullivan's Travels,1,False,True,,W00060,,Q1065711,,
C0061,American Graffiti,1,False,True,,W00061,,Q375855,,
C0062,Cabaret,1,False,True,,W00062,,Q918363,,
C0063,Network,1,False,True,,W00063,,Q1301371,,
C0064,The African Queen,1,False,True,,W00064,,Q384397,,
C0065,Raiders of the Lost Ark,1,False,True,,W00065,,Q174284,,
C0066,Who's Afraid of Virginia Woolf?,1,False,True,,W00066,,Q325643,,
C0067,Unforgiven,1,False,True,,W00067,,Q104137,,
C0068,Tootsie,1,False,True,,W00068,,Q221249,,
C0069,A Clockwork Orange,1,False,True,,W00069,,Q181086,,
C0070,Saving Private Ryan,1,False,True,,W00070,,Q165817,,
C0071,The Shawshank Redemption,1,False,True,,W00071,,Q172241,,
C0072,Butch Cassidy and the Sundance Kid,1,False,True,,W00072,,Q232000,,
C0073,The Silence of the Lambs,1,False,True,,W00073,,Q133654,,
C0074,In the Heat of the Night,1,False,True,,W00074,,Q622240,,
C0075,Forrest Gump,1,False,True,,W00075,,Q134773,,
C0076,All the President's Men,1,False,True,,W00076,,Q466781,,
C0077,Modern Times,1,False,True,,W00077,,Q45602,,
C0078,The Wild Bunch,1,False,True,,W00078,,Q994481,,
C0079,The Apartment,1,False,True,,W00079,,Q270510,,
C0080,Spartacus,1,False,True,,W00080,,Q108297,,
C0081,Sunrise: A Song of Two Humans,1,False,True,,W00081,,Q431093,,
C0082,Titanic,1,False,True,,W00082,,Q44578,,
C0083,Easy Rider,1,False,True,,W00083,,Q503638,,
C0084,A Night at the Opera,1,False,True,,W00084,,Q943992,,
C0085,Platoon,1,False,True,,W00085,,Q190643,,
C0086,12 Angry Men,1,False,True,,W00086,,Q2345,,
C0087,Bringing Up Baby,1,False,True,,W00087,,Q179743,,
C0088,The Sixth Sense,1,False,True,,W00088,,Q183063,,
C0089,Swing Time,1,False,True,,W00089,,Q1191081,,
C0090,Sophie's Choice,2,True,True,W00486,W00090,Q1524588,Q165627,,
C0091,Goodfellas,1,False,True,,W00091,,Q42047,,
C0092,The French Connection,1,False,True,,W00092,,Q220735,,
C0093,Pulp Fiction,1,False,True,,W00093,,Q104123,,
C0094,The Last Picture Show,1,False,True,,W00094,,Q1218959,,
C0095,Do the Right Thing,1,False,True,,W00095,,Q1141252,,
C0096,Blade Runner,1,False,True,,W00096,,Q184843,,
C0097,Yankee Doodle Dandy,1,False,True,,W00097,,Q1321622,,
C0098,Toy Story,1,False,True,,W00098,,Q171048,,
C0099,Ben-Hur,1,False,True,,W00099,,Q180098,,
C0100,Avatar,1,False,True,,W00100,,Q29387886,,
C0101,The Matrix,1,False,True,,W00101,,,,
C0102,Gladiator,1,False,True,,W00102,,,,
C0103,The Dark Knight,1,False,True,,W00103,,,,
C0104,Back to the Future,1,False,True,,W00104,,Q91540,,
C0105,Fight Club,1,False,True,,W00105,,,,
C0106,Jurassic Park,1,False,True,,W00106,,,,
C0107,The Terminator,1,False,True,,W00107,,,,
C0108,Inception,1,False,True,,W00108,,Q25188,,
C0109,V for Vendetta,1,False,True,,W00109,,,,
C0110,Harry Potter and the Philosopher's Stone,1,False,True,,W00110,,,,
C0111,Interstellar,1,False,True,,W00111,,,,
C0112,The Avengers,1,False,True,,W00113,,,,
C0113,Harry Potter and the Chamber of Secrets,1,False,True,,W00114,,,,
C0114,Braveheart,1,False,True,,W00115,,,,
C0115,"The Good, the Bad and the Ugly",1,False,True,,W00116,,Q41483,,
C0116,The Lord of the Rings: The Return of the King,1,False,True,,W00117,,,,
C0117,Terminator 2: Judgment Day,1,False,True,,W00118,,,,
C0118,Avengers: Endgame,1,False,True,,W00119,,,,
C0119,Harry Potter and the Goblet of Fire,1,False,True,,W00120,,Q102225,,
C0120,Harry Potter and the Order of the Phoenix,1,False,True,,W00121,,,,
C0121,Harry Potter and the Prisoner of Azkaban,1,False,True,,W00122,,,,
C0122,Star Wars: Episode I – The Phantom Menace,1,False,True,,W00123,,,,
C0123,Pirates of the Caribbean: The Curse of the Black Pearl,1,False,True,,W00124,,Q46717,,
C0124,Slumdog Millionaire,1,False,True,,W00125,,,,
C0125,Harry Potter and the Half-Blood Prince,1,False,True,,W00126,,,,
C0126,Avengers: Infinity War,1,False,True,,W00127,,,,
C0127,A Beautiful Mind,1,False,True,,W00128,,Q164103,,
C0128,The Lord of the Rings: The Two Towers,1,False,True,,W00129,,,,
C0129,Pirates of the Caribbean: At World's End,1,False,True,,W00130,,,,
C0130,Star Wars: Episode III – Revenge of the Sith,1,False,True,,W00131,,,,
C0131,Dead Poets Society,1,False,True,,W00132,,Q106316,,
C0132,Brokeback Mountain,1,False,True,,W00133,,,,
C0133,Iron Man,1,False,True,,W00134,,,,
C0134,Pirates of the Caribbean: Dead Man's Chest,1,False,True,,W00135,,,,
C0135,Batman Begins,1,False,True,,W00136,,Q166262,,
C0136,Alien,1,False,True,,W00137,,,,
C0137,Home Alone,1,False,True,,W00138,,,,
C0138,300,1,False,True,,W00139,,,,
C0139,Star Wars: Episode V – The Empire Strikes Back,1,False,True,,W00140,,Q181795,,
C0140,Harry Potter and the Deathly Hallows – Part 1,1,False,True,,W00141,,,,
C0141,Star Wars: Episode II – Attack of the Clones,1,False,True,,W00142,,,,
C0142,The Departed,1,False,True,,W00143,,,,
C0143,Star Wars: Episode VI – Return of the Jedi,1,False,True,,W00144,,Q181803,,
C0144,Spider-Man,1,False,True,,W00145,,,,
C0145,Avengers: Age of Ultron,1,False,True,,W00146,,,,
C0146,Life is Beautiful,1,False,True,,W00147,,,,
C0147,The Great Dictator,1,False,True,,W00148,,Q109116,,
C0148,Inglourious Basterds,1,False,True,,W00149,,,,
C0149,Cars,1,False,True,,W00150,,,,
C0150,Parasite,1,False,True,,W00151,,,,
C0151,American Beauty,1,False,True,,W00152,,Q25139,,
C0152,Skyfall,1,False,True,,W00153,,,,
C0153,No Country for Old Men,1,False,True,,W00154,,,,
C0154,Harry Potter and the Deathly Hallows – Part 2,1,False,True,,W00155,,,,
C0155,Thor,1,False,True,,W00156,,Q217020,,
C0156,Die Hard,1,False,True,,W00157,,,,
C0157,Captain America: The First Avenger,1,False,True,,W00158,,,,
C0158,Gravity,1,False,True,,W00159,,,,
C0159,Oppenheimer,1,False,True,,W00160,,Q108839994,,
C0160,Dr. No,1,False,True,,W00161,,,,
C0161,The King's Speech,1,False,True,,W00162,,,,
C0162,12 Years a Slave,1,False,True,,W00163,,,,
C0163,Black Panther,1,False,True,,W00164,,Q23780734,,
C0164,The Prestige,1,False,True,,W00165,,,,
C0165,Star Wars: Episode VII – The Force Awakens,1,False,True,,W00166,,,,
C0166,The Green Mile,1,False,True,,W00167,,Q208263,,
C0167,Amélie,1,False,True,,W00168,,,,
C0168,Wreck-It Ralph,1,False,True,,W00169,,,,
C0169,Catch Me If You Can,1,False,True,,W00170,,Q208108,,
C0170,Troy,1,False,True,,W00171,,,,
C0171,Django Unchained,1,False,True,,W00172,,,,
C0172,The Wolf of Wall Street,1,False,True,,W00173,,,,
C0173,Spider-Man: Homecoming,1,False,True,,W00174,,Q23010088,,
C0174,Pirates of the Caribbean: On Stranger Tides,1,False,True,,W00175,,,,
C0175,The Shining,1,False,True,,W00176,,,,
C0176,Peter Pan,1,False,True,,W00177,,,,
C0177,The Godfather Part III,1,False,True,,W00178,,Q202326,,
C0178,The Pianist,1,False,True,,W00179,,,,
C0179,Twilight,1,False,True,,W00180,,,,
C0180,Ice Age: Dawn of the Dinosaurs,1,False,True,,W00181,,,,
C0181,Black Swan,1,False,True,,W00182,,Q180214,,
C0182,Coco,1,False,True,,W00183,,,,
C0183,Birdman,1,False,True,,W00184,,,,
C0184,The Revenant,1,False,True,,W00185,,,,
C0185,Joker,1,False,True,,W00186,,Q42759035,,
C0186,The Hunger Games,1,False,True,,W00187,,,,
C0187,Shakespeare in Love,1,False,True,,W00188,,,,
C0188,The Social Network,1,False,True,,W00189,,,,
C0189,Ice Age: The Meltdown,1,False,True,,W00190,,Q190910,,
C0190,The Mummy,1,False,True,,W00191,,,,
C0191,Iron Man 2,1,False,True,,W00192,,,,
C0192,Life of Pi,1,False,True,,W00193,,,,
C0193,The Artist,1,False,True,,W00194,,Q171861,,
C0194,Léon: The Professional,1,False,True,,W00195,,,,
C0195,Doctor Strange,1,False,True,,W00196,,,,
C0196,Shutter Island,1,False,True,,W00197,,Q210364,,
C0197,The Truman Show,1,False,True,,W00198,,,,
C0198,2012,1,False,True,,W00199,,,,
C0199,A Man and a Woman,1,False,True,,W00200,,,,
C0200,A Man for All Seasons,1,False,True,,W00201,,Q218999,,
C0201,All Quiet on the Western Front,1,False,True,,W00202,,,,
C0202,All the King's Men,1,False,True,,W00203,,,,
C0203,Almost Famous,1,False,True,,W00204,,,,
C0204,Amadeus,1,False,True,,W00205,,Q190956,,
C0205,An American in Paris,1,False,True,,W00206,,,,
C0206,Anora,1,False,True,,W00207,,,,
C0207,Argo,1,False,True,,W00208,,,,
C0208,Around the World in 80 Days,1,False,True,,W00209,,Q696057,,
C0209,Battleground,1,False,True,,W00210,,,,
C0210,Breaking Away,1,False,True,,W00211,,,,
C0211,CODA,1,False,True,,W00212,,,,
C0212,Cavalcade,1,False,True,,W00213,,Q753107,,
C0213,Chariots of Fire,1,False,True,,W00214,,,,
C0214,Chicago,1,False,True,,W00215,,,,
C0215,Cimarron,1,False,True,,W00216,,,,
C0216,Coming Home,1,False,True,,W00217,,Q2304690,,
C0217,Crash,1,False,True,,W00218,,,,
C0218,Dances with Wolves,1,False,True,,W00219,,,,
C0219,Darling,1,False,True,,W00220,,Q5355306,,
C0220,Designing Woman,1,False,True,,W00221,,,,
C0221,"Divorce, Italian Style",1,False,True,,W00222,,,,
C0222,Dog Day Afternoon,1,False,True,,W00223,,,,
C0223,Driving Miss Daisy,1,False,True,,W00224,,Q211373,,
C0224,Eternal Sunshine of the Spotless Mind,1,False,True,,W00225,,,,
C0225,Everything Everywhere All at Once,1,False,True,,W00226,,,,
C0226,Fargo,1,False,True,,W00227,,,,
C0227,Father Goose,1,False,True,,W00228,,Q533638,,
C0228,From Here to Eternity,1,False,True,,W00229,,,,
C0229,Gandhi,1,False,True,,W00230,,,,
C0230,Gentleman's Agreement,1,False,True,,W00231,,,,
C0231,Get Out,1,False,True,,W00232,,Q25136235,,
C0232,Ghost,1,False,True,,W00233,,,,
C0233,Gigi,1,False,True,,W00234,,,,
C0234,Going My Way,1,False,True,,W00235,,Q468877,,
C0235,Good Will Hunting,1,False,True,,W00236,,,,
C0236,Gosford Park,1,False,True,,W00237,,,,
C0237,Grand Hotel,1,False,True,,W00238,,,,
C0238,Green Book,1,False,True,,W00239,,Q48673898,,
C0239,Guess Who's Coming to Dinner,1,False,True,,W00240,,,,
C0240,Hamlet,1,False,True,,W00241,,,,
C0241,Hannah and Her Sisters,1,False,True,,W00242,,,,
C0242,Her,1,False,True,,W00243,,Q10448,,
C0243,How Green Was My Valley,1,False,True,,W00244,,,,
C0244,How the West Was Won,1,False,True,,W00245,,,,
C0245,Interrupted Melody,1,False,True,,W00246,,Q1889498,,
C0246,Juno,1,False,True,,W00247,,,,
C0247,Kramer vs. Kramer,1,False,True,,W00248,,,,
C0248,Little Miss Sunshine,1,False,True,,W00249,,,,
C0249,Lost in Translation,1,False,True,,W00250,,Q107270,,
C0250,Manchester by the Sea,1,False,True,,W00251,,,,
C0251,Marie-Louise,1,False,True,,W00252,,,,
C0252,Marty,1,False,True,,W00253,,Q237116,,
C0253,Melvin and Howard,1,False,True,,W00254,,,,
C0254,Midnight in Paris,1,False,True,,W00255,,,,
C0255,Milk,1,False,True,,W00256,,Q201687,,
C0256,Million Dollar Baby,1,False,True,,W00257,,,,
C0257,Moonlight,1,False,True,,W00258,,,,
C0258,Moonstruck,1,False,True,,W00259,,,,
C0259,Mrs. Miniver,1,False,True,,W00260,,Q478371,,
C0260,Mutiny on the Bounty,1,False,True,,W00261,,,,
C0261,My Fair Lady,1,False,True,,W00262,,,,
C0262,Nomadland,1,False,True,,W00263,,,,
C0263,Oliver!,1,False,True,,W00264,,Q141359,,
C0264,Ordinary People,1,False,True,,W00265,,,,
C0265,Out of Africa,1,False,True,,W00266,,,,
C0266,Patton,1,False,True,,W00267,,,,
C0267,Pillow Talk,1,False,True,,W00268,,Q832487,,
C0268,Places in the Heart,1,False,True,,W00269,,,,
C0269,Princess O'Rourke,1,False,True,,W00270,,,,
C0270,Promising Young Woman,1,False,True,,W00271,,,,
C0271,Rain Man,1,False,True,,W00272,,Q188845,,
C0272,Rebecca,1,False,True,,W00273,,,,
C0273,Splendor in the Grass,1,False,True,,W00274,,,,
C0274,Spotlight,1,False,True,,W00275,,,,
C0275,Talk to Her,1,False,True,,W00276,,Q478780,,
C0276,Tender Mercies,1,False,True,,W00277,,,,
C0277,Terms of Endearment,1,False,True,,W00278,,,,
C0278,The Bachelor and the Bobby-Soxer,1,False,True,,W00279,,,,
C0279,The Broadway Melody,1,False,True,,W00280,,Q463620,,
C0280,The Candidate,1,False,True,,W00281,,,,
C0281,The Crying Game,1,False,True,,W00282,,,,
C0282,The Defiant Ones,1,False,True,,W00283,,,,
C0283,The English Patient,1,False,True,,W00284,,Q63026,,
C0284,The Great McGinty,1,False,True,,W00285,,,,
C0285,The Great Ziegfeld,1,False,True,,W00286,,,,
C0286,The Greatest Show on Earth,1,False,True,,W00287,,Q641061,,
C0287,The Hospital,1,False,True,,W00288,,,,
C0288,The Hurt Locker,1,False,True,,W00289,,,,
C0289,The Last Emperor,1,False,True,,W00290,,,,
C0290,The Lavender Hill Mob,1,False,True,,W00291,,Q1168531,,
C0291,The Life of Emile Zola,1,False,True,,W00292,,,,
C0292,The Lost Weekend,1,False,True,,W00293,,,,
C0293,The Piano,1,False,True,,W00294,,,,
C0294,The Producers,1,False,True,,W00295,,Q315732,,
C0295,The Seventh Veil,1,False,True,,W00296,,,,
C0296,The Shape of Water,1,False,True,,W00297,,,,
C0297,The Sting,1,False,True,,W00298,,,,
C0298,The Usual Suspects,1,False,True,,W00299,,Q132351,,
C0299,Thelma & Louise,1,False,True,,W00300,,,,
C0300,Tom Jones,1,False,True,,W00301,,,,
C0301,Wilson,1,False,True,,W00302,,Q1645480,,
C0302,Wings,1,False,True,,W00303,,,,
C0303,Witness,1,False,True,,W00304,,,,
C0304,Woman of the Year,1,False,True,,W00305,,Q1212587,,
C0305,You Can't Take It With You,1,False,True,,W00306,,,,
C0306,Rules of the Game,1,False,True,,W00307,,,,
C0307,Grand Illusion,1,False,True,,W00308,,,,
C0308,Seven Samurai,1,False,True,,W00309,,Q189540,,
C0309,Rashomon,1,False,True,,W00310,,,,
C0310,Ikiru,1,False,True,,W00311,,,,
C0311,High and Low,1,False,True,,W00312,,,,
C0312,Yojimbo,1,False,True,,W00313,,Q20475,,
C0313,Ran,1,False,True,,W00314,,,,
C0314,Tokyo Story,1,False,True,,W00315,,,,
C0315,Late Spring,1,False,True,,W00316,,Q743203,,
C0316,The 400 Blows,1,False,True,,W00317,,,,
C0317,Jules and Jim,1,False,True,,W00318,,,,
C0318,Breathless,1,False,True,,W00319,,Q86427,,
C0319,Contempt,1,False,True,,W00320,,,,
C0320,8½,1,False,True,,W00321,,,,
C0321,La Dolce Vita,1,False,True,,W00322,,,,
C0322,La Strada,1,False,True,,W00323,,Q18402,,
C0323,Amarcord,1,False,True,,W00324,,,,
C0324,Bicycle Thieves,1,False,True,,W00325,,,,
C0325,Umberto D.,1,False,True,,W00326,,Q651982,,
C0326,"Rome, Open City",1,False,True,,W00327,,,,
C0327,The Seventh Seal,1,False,True,,W00328,,,,
C0328,Wild Strawberries,1,False,True,,W00329,,,,
C0329,Persona,1,False,True,,W00330,,Q695255,,
C0330,Fanny and Alexander,1,False,True,,W00331,,,,
C0331,Scenes from a Marriage,1,False,True,,W00332,,,,
C0332,Metropolis,1,False,True,,W00333,,Q151599,,
C0333,M,1,False,True,,W00334,,,,
C0334,L'Avventura,1,False,True,,W00335,,,,
C0335,Blow-Up,1,False,True,,W00336,,,,
C0336,"Aguirre, the Wrath of God",1,False,True,,W00337,,Q325662,,
C0337,Fitzcarraldo,1,False,True,,W00338,,,,
C0338,The Battle of Algiers,1,False,True,,W00339,,,,
C0339,The Passion of Joan of Arc,1,False,True,,W00340,,Q51520,,
C0340,Children of Paradise,1,False,True,,W00341,,,,
C0341,Beauty and the Beast,1,False,True,,W00342,,,,
C0342,Playtime,1,False,True,,W00343,,,,
C0343,Mon Oncle,1,False,True,,W00344,,Q1346590,,
C0344,Au Hasard Balthazar,1,False,True,,W00345,,,,
C0345,Pickpocket,1,False,True,,W00346,,,,
C0346,A Man Escaped,1,False,True,,W00347,,,,
C0347,Rififi,1,False,True,,W00348,,Q1856418,,
C0348,Diabolique,1,False,True,,W00349,,,,
C0349,Belle de Jour,1,False,True,,W00350,,,,
C0350,The Discreet Charm of the Bourgeoisie,1,False,True,,W00351,,,,
C0351,Viridiana,1,False,True,,W00352,,Q852841,,
C0352,Los Olvidados,1,False,True,,W00353,,,,
C0353,The Leopard,1,False,True,,W00354,,,,
C0354,Come and See,1,False,True,,W00355,,,,
C0355,Stalker,1,False,True,,W00356,,Q200437,,
C0356,Andrei Rublev,1,False,True,,W00357,,,,
C0357,The Mirror,1,False,True,,W00358,,,,
C0358,Ivan's Childhood,1,False,True,,W00359,,,,
C0359,Solaris,1,False,True,,W00360,,Q125772,,
C0360,Ashes and Diamonds,1,False,True,,W00361,,,,
C0361,The Double Life of Veronique,1,False,True,,W00362,,,,
C0362,Three Colors: Red,1,False,True,,W00363,,,,
C0363,Blue,1,False,True,,W00364,,Q39071378,,
C0364,In the Mood for Love,1,False,True,,W00365,,,,
C0365,Chungking Express,1,False,True,,W00366,,,,
C0366,Raise the Red Lantern,1,False,True,,W00367,,Q665146,,
C0367,Farewell My Concubine,1,False,True,,W00368,,,,
C0368,The Spirit of the Beehive,1,False,True,,W00369,,,,
C0369,My Neighbor Totoro,1,False,True,,W00370,,Q39571,,
C0370,Spirited Away,1,False,True,,W00371,,,,
C0371,Princess Mononoke,1,False,True,,W00372,,,,
C0372,Grave of the Fireflies,1,False,True,,W00373,,Q274520,,
C0373,Pan's Labyrinth,1,False,True,,W00374,,,,
C0374,Y Tu Mama Tambien,1,False,True,,W00375,,,,
C0375,City of God,1,False,True,,W00376,,,,
C0376,Amores Perros,1,False,True,,W00377,,Q474098,,
C0377,The Earrings of Madame de...,1,False,True,,W00378,,,,
C0378,The 39 Steps,1,False,True,,W00379,,,,
C0379,Knife in the Water,1,False,True,,W00380,,,,
C0380,Shoah,1,False,True,,W00381,,Q1720765,,
C0381,Z,1,False,True,,W00382,,,,
C0382,The Gospel According to St. Matthew,1,False,True,,W00383,,,,
C0383,Naked,1,False,True,,W00384,,Q1963079,,
C0384,Yi Yi,1,False,True,,W00385,,,,
C0385,A Brighter Summer Day,1,False,True,,W00386,,,,
C0386,Central Station,1,False,True,,W00387,,,,
C0387,Black Orpheus,1,False,True,,W00388,,Q538266,,
C0388,Elevator to the Gallows,1,False,True,,W00389,,,,
C0389,Rocco and His Brothers,1,False,True,,W00390,,,,
C0390,Ulysses,1,True,False,W00391,,,,,
C0391,The Great Gatsby,1,True,False,W00392,,Q214371,,,
C0392,A Portrait of the Artist as a Young Man,1,True,False,W00393,,,,,
C0393,Lolita,1,True,False,W00394,,,,,
C0394,Brave New World,1,True,False,W00395,,Q191949,,,
C0395,The Sound and the Fury,1,True,False,W00396,,,,,
C0396,Catch-22,1,True,False,W00397,,,,,
C0397,Darkness at Noon,1,True,False,W00398,,,,,
C0398,Sons and Lovers,1,True,False,W00399,,Q80771,,,
C0399,The Grapes of Wrath,1,True,False,W00400,,,,,
C0400,Under the Volcano,1,True,False,W00401,,,,,
C0401,The Way of All Flesh,1,True,False,W00402,,,,,
C0402,1984,1,True,False,W00403,,Q208460,,,
C0403,"I, Claudius",1,True,False,W00404,,,,,
C0404,To the Lighthouse,1,True,False,W00405,,,,,
C0405,An American Tragedy,1,True,False,W00406,,,,,
C0406,The Heart Is a Lonely Hunter,1,True,False,W00407,,Q1645466,,,
C0407,Slaughterhouse-Five,1,True,False,W00408,,,,,
C0408,Invisible Man,1,True,False,W00409,,,,,
C0409,Native Son,1,True,False,W00410,,,,,
C0410,Henderson the Rain King,1,True,False,W00411,,Q3795484,,,
C0411,Appointment in Samarra,1,True,False,W00412,,,,,
C0412,U.S.A.,1,True,False,W00413,,,,,
C0413,"Winesburg, Ohio",1,True,False,W00414,,,,,
C0414,A Passage to India,1,True,False,W00415,,Q622303,,,
C0415,The Wings of the Dove,1,True,False,W00416,,,,,
C0416,The Ambassadors,1,True,False,W00417,,,,,
C0417,Tender Is the Night,1,True,False,W00418,,,,,
C0418,The Studs Lonigan Trilogy,1,True,False,W00419,,,,,
C0419,The Good Soldier,1,True,False,W00420,,,,,
C0420,Animal Farm,1,True,False,W00421,,,,,
C0421,The Golden Bowl,1,True,False,W00422,,,,,
C0422,Sister Carrie,1,True,False,W00423,,Q1286961,,,
C0423,A Handful of Dust,1,True,False,W00424,,,,,
C0424,As I Lay Dying,1,True,False,W00425,,,,,
C0425,All the King's Men,1,True,False,W00426,,,,,
C0426,The Bridge of San Luis Rey,1,True,False,W00427,,Q941462,,,
C0427,Howards End,1,True,False,W00428,,,,,
C0428,Go Tell It on the Mountain,1,True,False,W00429,,,,,
C0429,The Heart of the Matter,1,True,False,W00430,,,,,
C0430,Lord of the Flies,1,True,False,W00431,,Q271764,,,
C0431,Deliverance,1,True,False,W00432,,,,,
C0432,A Dance to the Music of Time,1,True,False,W00433,,,,,
C0433,Point Counter Point,1,True,False,W00434,,Q119246,,,
C0434,The Sun Also Rises,1,True,False,W00435,,,,,
C0435,The Secret Agent,1,True,False,W00436,,,,,
C0436,Nostromo,1,True,False,W00437,,Q2387713,,,
C0437,The Rainbow,1,True,False,W00438,,,,,
C0438,Women in Love,1,True,False,W00439,,,,,
C0439,Tropic of Cancer,1,True,False,W00440,,,,,
C0440,The Naked and the Dead,1,True,False,W00441,,Q646361,,,
C0441,Portnoy's Complaint,1,True,False,W00442,,,,,
C0442,Pale Fire,1,True,False,W00443,,,,,
C0443,Light in August,1,True,False,W00444,,,,,
C0444,On the Road,1,True,False,W00445,,Q743180,,,
C0445,The Maltese Falcon,1,True,False,W00446,,,,,
C0446,Parade's End,1,True,False,W00447,,,,,
C0447,The Age of Innocence,1,True,False,W00448,,,,,
C0448,Zuleika Dobson,1,True,False,W00449,,Q8075113,,,
C0449,The Moviegoer,1,True,False,W00450,,,,,
C0450,Death Comes for the Archbishop,1,True,False,W00451,,,,,
C0451,From Here to Eternity,1,True,False,W00452,,,,,
C0452,The Wapshot Chronicles,1,True,False,W00453,,,,,
C0453,The Catcher in the Rye,1,True,False,W00454,,,,,
C0454,A Clockwork Orange,1,True,False,W00455,,,,,
C0455,Of Human Bondage,1,True,False,W00456,,,,,
C0456,Main Street,1,True,False,W00458,,,,,
C0457,The House of Mirth,1,True,False,W00459,,,,,
C0458,The Alexandria Quartet,1,True,False,W00460,,,,,
C0459,A High Wind in Jamaica,1,True,False,W00461,,Q3401207,,,
C0460,A House for Mr. Biswas,1,True,False,W00462,,,,,
C0461,The Day of the Locust,1,True,False,W00463,,,,,
C0462,A Farewell to Arms,1,True,False,W00464,,,,,
C0463,Scoop,1,True,False,W00465,,Q1029093,,,
C0464,The Prime of Miss Jean Brodie,1,True,False,W00466,,,,,
C0465,Finnegans Wake,1,True,False,W00467,,,,,
C0466,Kim,1,True,False,W00468,,Q13083721,,,
C0467,A Room with a View,1,True,False,W00469,,,,,
C0468,Brideshead Revisited,1,True,False,W00470,,,,,
C0469,The Adventures of Augie March,1,True,False,W00471,,Q1771746,,,
C0470,Angle of Repose,1,True,False,W00472,,,,,
C0471,A Bend in the River,1,True,False,W00473,,,,,
C0472,The Death of the Heart,1,True,False,W00474,,,,,
C0473,Lord Jim,1,True,False,W00475,,Q19146761,,,
C0474,Ragtime,1,True,False,W00476,,,,,
C0475,The Old Wives' Tale,1,True,False,W00477,,,,,
C0476,The Call of the Wild,1,True,False,W00478,,Q476871,,,
C0477,Loving,1,True,False,W00479,,,,,
C0478,Midnight's Children,1,True,False,W00480,,,,,
C0479,Tobacco Road,1,True,False,W00481,,,,,
C0480,Ironweed,1,True,False,W00482,,Q6073321,,,
C0481,The Magus,1,True,False,W00483,,,,,
C0482,Wide Sargasso Sea,1,True,False,W00484,,,,,
C0483,Under the Net,1,True,False,W00485,,,,,
C0484,The Sheltering Sky,1,True,False,W00487,,,,,
C0485,The Postman Always Rings Twice,1,True,False,W00488,,,,,
C0486,The Ginger Man,1,True,False,W00489,,,,,
C0487,The Magnificent Ambersons,1,True,False,W00490,,Q5239187,,,
C0488,American Pastoral,1,True,False,W00491,,,,,
C0489,"Are You There God? It's Me, Margaret",1,True,False,W00492,,,,,
C0490,The Assistant,1,True,False,W00493,,,,,
C0491,At Swim-Two-Birds,1,True,False,W00494,,Q759330,,,
C0492,Atonement,1,True,False,W00495,,,,,
C0493,Beloved,1,True,False,W00496,,,,,
C0494,The Berlin Stories,1,True,False,W00497,,,,,
C0495,The Big Sleep,1,True,False,W00498,,Q1649862,,,
C0496,The Blind Assassin,1,True,False,W00499,,,,,
C0497,Blood Meridian,1,True,False,W00500,,,,,
C0498,Call It Sleep,1,True,False,W00501,,,,,
C0499,The Confessions of Nat Turner,1,True,False,W00502,,Q7727343,,,
C0500,The Corrections,1,True,False,W00503,,,,,
C0501,The Crying of Lot 49,1,True,False,W00504,,,,,
C0502,A Death in the Family,1,True,False,W00505,,,,,
C0503,Dog Soldiers,1,True,False,W00506,,,,,
C0504,Falconer,1,True,False,W00507,,,,,
C0505,The French Lieutenant's Woman,1,True,False,W00508,,,,,
C0506,The Golden Notebook,1,True,False,W00509,,,,,
C0507,Gravity's Rainbow,1,True,False,W00511,,,,,
C0508,Herzog,1,True,False,W00512,,,,,
C0509,Housekeeping,1,True,False,W00513,,,,,
C0510,Infinite Jest,1,True,False,W00514,,Q1077445,,,
C0511,"The Lion, the Witch and the Wardrobe",1,True,False,W00515,,,,,
C0512,The Lord of the Rings,1,True,False,W00516,,,,,
C0513,Lucky Jim,1,True,False,W00517,,Q1836777,,,
C0514,The Man Who Loved Children,1,True,False,W00518,,,,,
C0515,Money,1,True,False,W00519,,,,,
C0516,Mrs. Bridge,1,True,False,W00520,,,,,
C0517,Naked Lunch,1,True,False,W00521,,Q379286,,,
C0518,Neuromancer,1,True,False,W00522,,,,,
C0519,Never Let Me Go,1,True,False,W00523,,,,,
C0520,One Flew Over the Cuckoo's Nest,1,True,False,W00524,,,,,
C0521,The Painted Bird,1,True,False,W00525,,Q2603401,,,
C0522,Play It as It Lays,1,True,False,W00526,,,,,
C0523,Possession,1,True,False,W00527,,,,,
C0524,The Power and the Glory,1,True,False,W00528,,Q431524,,,
C0525,"Rabbit, Run",1,True,False,W00529,,,,,
C0526,The Recognitions,1,True,False,W00530,,,,,
C0527,Red Harvest,1,True,False,W00531,,,,,
C0528,Revolutionary Road,1,True,False,W00532,,Q1393977,,,
C0529,Snow Crash,1,True,False,W00533,,,,,
C0530,The Sot-Weed Factor,1,True,False,W00534,,,,,
C0531,The Sportswriter,1,True,False,W00535,,,,,
C0532,The Spy Who Came in from the Cold,1,True,False,W00536,,Q468071,,,
C0533,Their Eyes Were Watching God,1,True,False,W00537,,,,,
C0534,Things Fall Apart,1,True,False,W00538,,,,,
C0535,Ubik,1,True,False,W00540,,,,,
C0536,Watchmen,1,True,False,W00541,,,,,
C0537,White Noise,1,True,False,W00542,,,,,
C0538,White Teeth,1,True,False,W00543,,Q866980,,,
C0539,The Wonderful Adventures of Nils,1,True,False,W00544,,,,,
C0540,The Clown,1,True,False,W00545,,,,,
C0541,The Vegetarian,1,True,False,W00546,,,,,
C0542,Long Day's Journey into Night,1,True,False,W00547,,Q618430,,,
C0543,"Absalom, Absalom!",1,True,False,W00548,,,,,
C0544,No One Writes to the Colonel,1,True,False,W00549,,,,,
C0545,Tonio Kröger,1,True,False,W00550,,,,,
C0546,Demian,1,True,False,W00551,,Q860577,,,
C0547,The Plague,1,True,False,W00552,,,,,
C0548,The Lost Honour of Katharina Blum,1,True,False,W00553,,,,,
C0549,Waiting for the Barbarians,1,True,False,W00554,,,,,
C0550,Of Love and Other Demons,1,True,False,W00555,,Q267650,,,
C0551,Growth of the Soil,1,True,False,W00556,,,,,
C0552,The Gulag Archipelago,1,True,False,W00557,,,,,
C0553,The Myth of Sisyphus,1,True,False,W00558,,,,,
C0554,With Fire and Sword,1,True,False,W00559,,Q927292,,,
C0555,To Have and Have Not,1,True,False,W00560,,,,,
C0556,No Exit,1,True,False,W00561,,,,,
C0557,Love in the Time of Cholera,1,True,False,W00562,,,,,
C0558,A Happy Death,1,True,False,W00563,,Q1198739,,,
C0559,Jean-Christophe,1,True,False,W00564,,,,,
C0560,The White Man's Burden,1,True,False,W00565,,,,,
C0561,Death in Venice,1,True,False,W00566,,,,,
C0562,The Glass Bead Game,1,True,False,W00567,,Q836841,,,
C0563,East of Eden,1,True,False,W00568,,,,,
C0564,"For sale: baby shoes, never worn",1,True,False,W00569,,,,,
C0565,Doctor Faustus,1,True,False,W00570,,Q386431,,,
C0566,Buddenbrooks,1,True,False,W00571,,,,,
C0567,Waiting for Godot,1,True,False,W00572,,,,,
C0568,The Tin Drum,1,True,False,W00573,,,,,
C0569,Blindness,1,True,False,W00574,,Q826428,,,
C0570,For Whom the Bell Tolls,1,True,False,W00575,,,,,
C0571,The Jungle Book,1,True,False,W00576,,,,,
C0572,My Name Is Red,1,True,False,W00577,,,,,
C0573,Chronicle of a Death Foretold,1,True,False,W00578,,Q935935,,,
C0574,Voices from Chernobyl,1,True,False,W00579,,,,,
C0575,Snow Country,1,True,False,W00580,,,,,
C0576,Doctor Zhivago,1,True,False,W00581,,Q206870,,,
C0577,The Snows of Kilimanjaro,1,True,False,W00582,,,,,
C0578,Existentialism and Humanism,1,True,False,W00583,,,,,
C0579,Nausea,1,True,False,W00584,,,,,
C0580,Steppenwolf,1,True,False,W00585,,Q217073,,,
C0581,Why I Am Not a Christian,1,True,False,W00586,,,,,
C0582,Gitanjali,1,True,False,W00587,,,,,
C0583,The Remains of the Day,1,True,False,W00588,,,,,
C0584,Fate of a Man,1,True,False,W00589,,Q2655348,,,
C0585,Six Characters in Search of an Author,1,True,False,W00590,,,,,
C0586,L'homme révolté,1,True,False,W00591,,,,,
C0587,One Hundred Years of Solitude,1,True,False,W00592,,,,,
C0588,The Stranger,1,True,False,W00593,,Q163297,,,
C0589,Quo Vadis,1,True,False,W00594,,,,,
C0590,Hunger,1,True,False,W00595,,,,,
C0591,Of Mice and Men,1,True,False,W00596,,Q457977,,,
C0592,Across the River and into the Trees,1,True,False,W00597,,,,,
C0593,Siddhartha,1,True,False,W00598,,,,,
C0594,The Bridge on the Drina,1,True,False,W00599,,Q1247865,,,
C0595,The Pearl,1,True,False,W00600,,,,,
C0596,The Flies,1,True,False,W00601,,,,,
C0597,The Good Earth,1,True,False,W00602,,,,,
C0598,The Second World War,1,True,False,W00603,,Q17018078,,,
C0599,Thérèse Desqueyroux,1,True,False,W00604,,,,,
C0600,Fatelessness,1,True,False,W00605,,,,,
C0601,Snow,1,True,False,W00606,,,,,
C0602,The Museum of Innocence,1,True,False,W00607,,Q785974,,,
C0603,Disgrace,1,True,False,W00608,,,,,
C0604,The Fall,1,True,False,W00609,,,,,
C0605,The White Castle,1,True,False,W00610,,,,,
C0606,Narcissus and Goldmund,1,True,False,W00611,,Q1502926,,,
C0607,And Quiet Flows the Don,1,True,False,W00612,,,,,
C0608,The Old Man and the Sea,1,True,False,W00613,,,,,
C0609,The Magic Mountain,1,True,False,W00614,,,,,
C0610,A Moveable Feast,1,True,False,W00615,,Q2052363,,,
C0611,Cancer Ward,1,True,False,W00616,,,,,
C0612,One Day in the Life of Ivan Denisovich,1,True,False,W00617,,,,,
C0613,Joseph and His Brothers,1,True,False,W00618,,,,,
C0614,The General in His Labyrinth,1,True,False,W00619,,Q1193847,,,
C0615,His Family[a],1,True,False,W00620,,,,,
C0616,Not awarded[b],1,True,False,W00621,,,,,
C0617,The Age of Innocence[c][12],1,True,False,W00622,,,,,
C0618,Alice Adams,1,True,False,W00623,,Q4725707,,,
C0619,One of Ours,1,True,False,W00624,,,,,
C0620,The Able McLaughlins,1,True,False,W00625,,,,,
C0621,So Big[d],1,True,False,W00626,,,,,
C0622,Arrowsmith[e],1,True,False,W00627,,,,,
C0623,Early Autumn,1,True,False,W00628,,,,,
C0624,The Bridge of San Luis Rey[f],1,True,False,W00629,,,,,
C0625,Scarlet Sister Mary[g],1,True,False,W00630,,,,,
C0626,Laughing Boy[h],1,True,False,W00631,,,,,
C0627,Years of Grace[i],1,True,False,W00632,,,,,
C0628,The Good Earth[j],1,True,False,W00633,,,,,
C0629,The Store[k],1,True,False,W00634,,,,,
C0630,Lamb in His Bosom[l],1,True,False,W00635,,,,,
C0631,Now in November[m],1,True,False,W00636,,,,,
C0632,Honey in the Horn[n],1,True,False,W00637,,,,,
C0633,Gone with the Wind[o],1,True,False,W00638,,,,,
C0634,The Late George Apley[p],1,True,False,W00639,,,,,
C0635,The Yearling[q],1,True,False,W00640,,,,,
C0636,The Grapes of Wrath[r],1,True,False,W00641,,,,,
C0637,Not awarded[s],1,True,False,W00642,,,,,
C0638,In This Our Life[t],1,True,False,W00643,,,,,
C0639,Dragon's Teeth[u],1,True,False,W00644,,,,,
C0640,Journey in the Dark[v],1,True,False,W00645,,,,,
C0641,A Bell for Adano[w],1,True,False,W00646,,,,,
C0642,Not awarded[x],1,True,False,W00647,,,,,
C0643,All the King's Men[y],1,True,False,W00648,,,,,
C0644,Tales of the South Pacific[z],1,True,False,W00649,,,,,
C0645,Guard of Honor[aa],1,True,False,W00650,,,,,
C0646,The Way West[ab],1,True,False,W00651,,,,,
C0647,The Town[ac],1,True,False,W00652,,,,,
C0648,The Caine Mutiny[ad],1,True,False,W00653,,,,,
C0649,The Old Man and the Sea[ae],1,True,False,W00654,,,,,
C0650,Not awarded[af],1,True,False,W00655,,,,,
C0651,A Fable[ag],1,True,False,W00656,,,,,
C0652,Andersonville[ah],1,True,False,W00657,,,,,
C0653,Not awarded[ai],1,True,False,W00658,,,,,
C0654,A Death in the Family[aj] (posthumously),1,True,False,W00659,,,,,
C0655,The Travels of Jaimie McPheeters[ak],1,True,False,W00660,,,,,
C0656,Advise and Consent[al],1,True,False,W00661,,,,,
C0657,To Kill a Mockingbird[am],1,True,False,W00662,,,,,
C0658,The Edge of Sadness[an],1,True,False,W00663,,,,,
C0659,The Reivers[ao] (posthumously),1,True,False,W00664,,,,,
C0660,Not awarded[ap],1,True,False,W00665,,,,,
C0661,The Keepers of the House,1,True,False,W00666,,Q7744061,,,
C0662,The Collected Stories[aq],1,True,False,W00667,,,,,
C0663,The Fixer,1,True,False,W00668,,,,,
C0664,The Confessions of Nat Turner[ar],1,True,False,W00669,,,,,
C0665,House Made of Dawn[as],1,True,False,W00670,,,,,
C0666,Collected Stories[at],1,True,False,W00671,,,,,
C0667,Not awarded[au],1,True,False,W00672,,,,,
C0668,Angle of Repose[av],1,True,False,W00673,,,,,
C0669,The Optimist's Daughter,1,True,False,W00674,,Q7755231,,,
C0670,Not awarded[aw],1,True,False,W00675,,,,,
C0671,The Killer Angels,1,True,False,W00676,,,,,
C0672,Humboldt's Gift[ax],1,True,False,W00677,,,,,
C0673,Not awarded[ay],1,True,False,W00678,,,,,
C0674,Elbow Room[az],1,True,False,W00679,,,,,
C0675,The Stories of John Cheever[ba],1,True,False,W00680,,,,,
C0676,Something to Answer For,1,True,False,W00681,,Q371192,,,
C0677,The Elected Member,1,True,False,W00682,,,,,
C0678,In a Free State,1,True,False,W00683,,,,,
C0679,G.,1,True,False,W00684,,,,,
C0680,The Siege of Krishnapur,1,True,False,W00685,,Q3818819,,,
C0681,The Conservationist,1,True,False,W00686,,,,,
C0682,Holiday,1,True,False,W00687,,,,,
C0683,Heat and Dust,1,True,False,W00688,,,,,
C0684,Saville,1,True,False,W00689,,Q3951088,,,
C0685,Staying On,1,True,False,W00690,,,,,
C0686,"The Sea, the Sea",1,True,False,W00691,,,,,
C0687,Offshore,1,True,False,W00692,,Q3821704,,,
C0688,Rites of Passage,1,True,False,W00693,,,,,
C0689,Schindler's Ark,1,True,False,W00694,,,,,
C0690,Life & Times of Michael K,1,True,False,W00695,,,,,
C0691,Hotel du Lac,1,True,False,W00696,,Q3786968,,,
C0692,The Bone People,1,True,False,W00697,,,,,
C0693,The Old Devils,1,True,False,W00698,,,,,
C0694,Moon Tiger,1,True,False,W00699,,,,,
C0695,Oscar and Lucinda,1,True,False,W00700,,Q1060522,,,
C0696,The Famished Road,1,True,False,W00701,,,,,
C0697,The English Patient,1,True,False,W00702,,,,,
C0698,Sacred Hunger,1,True,False,W00703,,,,,
C0699,Paddy Clarke Ha Ha Ha,1,True,False,W00704,,Q3888716,,,
C0700,"How Late It Was, How Late",1,True,False,W00705,,,,,
C0701,The Ghost Road,1,True,False,W00706,,,,,
C0702,Last Orders,1,True,False,W00707,,,,,
C0703,The God of Small Things,1,True,False,W00708,,Q378786,,,
C0704,Amsterdam,1,True,False,W00709,,,,,
C0705,True History of the Kelly Gang,1,True,False,W00710,,,,,
C0706,Life of Pi,1,True,False,W00711,,,,,
C0707,Vernon God Little,1,True,False,W00712,,Q475459,,,
C0708,The Line of Beauty,1,True,False,W00713,,,,,
C0709,The Sea,1,True,False,W00714,,,,,
C0710,The Inheritance of Loss,1,True,False,W00715,,,,,
C0711,The Gathering,1,True,False,W00716,,Q3824774,,,
C0712,The White Tiger,1,True,False,W00717,,,,,
C0713,Wolf Hall,1,True,False,W00718,,,,,
C0714,The Finkler Question,1,True,False,W00719,,,,,
C0715,The Sense of an Ending,1,True,False,W00720,,Q1331310,,,
C0716,Bring Up the Bodies,1,True,False,W00721,,,,,
C0717,The Luminaries,1,True,False,W00722,,,,,
C0718,The Narrow Road to the Deep North,1,True,False,W00723,,,,,
C0719,A Brief History of Seven Killings,1,True,False,W00724,,Q19874028,,,
C0720,The Sellout,1,True,False,W00725,,,,,
C0721,Lincoln in the Bardo,1,True,False,W00726,,,,,
C0722,Milkman,1,True,False,W00727,,,,,
C0723,The Testaments,1,True,False,W00728,,Q60786692,,,
C0724,"Girl, Woman, Other",1,True,False,W00729,,,,,
C0725,Shuggie Bain,1,True,False,W00730,,,,,
C0726,The Promise,1,True,False,W00731,,Q64910041,,,
C0727,The Seven Moons of Maali Almeida,1,True,False,W00732,,,,,
C0728,Prophet Song,1,True,False,W00733,,,,,
C0729,Orbital,1,True,False,W00734,,,,,
C0730,Flesh,1,True,False,W00735,,Q194619,,,
C0731,The Man with the Golden Arm,1,True,False,W00736,,,,,
C0732,Collected Stories of William Faulkner,1,True,False,W00737,,,,,
C0733,A Fable,1,True,False,W00738,,,,,
C0734,Ten North Frederick,1,True,False,W00739,,Q1304926,,,
C0735,The Field of Vision,1,True,False,W00740,,,,,
C0736,The Wapshot Chronicle,1,True,False,W00741,,,,,
C0737,The Magic Barrel,1,True,False,W00742,,,,,
C0738,"Goodbye, Columbus",1,True,False,W00743,,Q108558054,,,
C0739,The Waters of Kronos,1,True,False,W00744,,,,,
C0740,Morte d'Urban,1,True,False,W00745,,,,,
C0741,The Centaur,1,True,False,W00746,,Q3220933,,,
C0742,The Collected Stories of Katherine Anne Porter,1,True,False,W00747,,,,,
C0743,The Eighth Day,1,True,False,W00748,,,,,
C0744,Steps,1,True,False,W00749,,,,,
C0745,them,1,True,False,W00750,,Q20828898,,,
C0746,Mr. Sammler's Planet,1,True,False,W00751,,,,,
C0747,The Complete Stories[a],1,True,False,W00752,,,,,
C0748,Chimera,1,True,False,W00753,,,,,
C0749,Augustus,1,True,False,W00754,,Q770041,,,
C0750,A Crown of Feathers and Other Stories,1,True,False,W00755,,,,,
C0751,The Hair of Harold Roux,1,True,False,W00756,,,,,
C0752,J R,1,True,False,W00757,,,,,
C0753,The Spectator Bird,1,True,False,W00758,,Q7765773,,,
C0754,Blood Tie,1,True,False,W00759,,,,,
C0755,Going After Cacciato,1,True,False,W00760,,,,,
C0756,The World According to Garp,1,True,False,W00761,,,,,
C0757,Plains Song: For Female Voices,1,True,False,W00762,,Q124487460,,,
C0758,The Stories of John Cheever,1,True,False,W00763,,,,,
C0759,Rabbit is Rich,1,True,False,W00764,,,,,
C0760,"So Long, See You Tomorrow",1,True,False,W00765,,Q7549352,,,
C0761,The Color Purple,1,True,False,W00766,,,,,
C0762,The Collected Stories of Eudora Welty,1,True,False,W00767,,,,,
C0763,Victory Over Japan: A Book of Stories,1,True,False,W00768,,,,,
C0764,World's Fair,1,True,False,W00769,,Q25206119,,,
C0765,Paco's Story,1,True,False,W00770,,,,,
C0766,Paris Trout,1,True,False,W00771,,,,,
C0767,Spartina,1,True,False,W00772,,,,,
C0768,Middle Passage,1,True,False,W00773,,Q6841523,,,
C0769,Mating,1,True,False,W00774,,,,,
C0770,All the Pretty Horses,1,True,False,W00775,,,,,
C0771,The Shipping News,1,True,False,W00776,,,,,
C0772,A Frolic of His Own,1,True,False,W00777,,Q4656876,,,
C0773,Sabbath's Theater,1,True,False,W00778,,,,,
C0774,Ship Fever and Other Stories,1,True,False,W00779,,,,,
C0775,Cold Mountain,1,True,False,W00780,,Q2499287,,,
C0776,Charming Billy,1,True,False,W00781,,,,,
C0777,Waiting,1,True,False,W00782,,,,,
C0778,In America,1,True,False,W00783,,,,,
C0779,Three Junes,1,True,False,W00784,,Q7797553,,,
C0780,The Great Fire,1,True,False,W00785,,,,,
C0781,The News from Paraguay,1,True,False,W00786,,,,,
C0782,Europe Central,1,True,False,W00787,,,,,
C0783,The Echo Maker,1,True,False,W00788,,Q1167621,,,
C0784,Tree of Smoke,1,True,False,W00789,,,,,
C0785,Shadow Country,1,True,False,W00790,,,,,
C0786,Let the Great World Spin,1,True,False,W00791,,Q3059176,,,
C0787,Lord of Misrule,1,True,False,W00792,,,,,
C0788,Salvage the Bones,1,True,False,W00793,,,,,
C0789,The Round House,1,True,False,W00794,,,,,
C0790,The Good Lord Bird,1,True,False,W00795,,Q16982299,,,
C0791,Redeployment,1,True,False,W00796,,,,,
C0792,Fortune Smiles,1,True,False,W00797,,,,,
C0793,The Underground Railroad,1,True,False,W00798,,,,,
C0794,"Sing, Unburied, Sing",1,True,False,W00799,,Q42530254,,,
C0795,The Friend,1,True,False,W00800,,,,,
C0796,Trust Exercise,1,True,False,W00801,,,,,
C0797,Interior Chinatown,1,True,False,W00802,,,,,
C0798,Hell of a Book,1,True,False,W00803,,Q111661684,,,
C0799,The Rabbit Hutch,1,True,False,W00804,,,,,
C0800,Blackouts,1,True,False,W00805,,,,,
C0801,James,1,True,False,W00806,,,,,
C0802,The True True Story of Raja the Gullible (and His Mother),1,True,False,W00807,,,,,
