work_id,n_concepts,n_matched,concept_yield,avg_score,title,medium,year,importance_score
W00421,26,26,3736.8812746687727,85.13466212749428,Animal Farm,novel,,88.4321223709369
W00065,27,27,3615.0970960671143,85.70166889943609,Raiders of the Lost Ark,film,1981.0,35.85382871769568
W00146,30,30,3425.773803715056,77.05758720994847,Avengers: Age of Ultron,film,2015.0,50.60483870967742
W00876,23,23,3364.4177276204555,82.83605111707436,Elvis,film,2022.0,86.0
W00103,29,29,3266.0437313525886,78.63907469483732,The Dark Knight,film,2008.0,71.86208598038611
W00408,20,20,3106.063717152864,83.7507473871117,Slaughterhouse-Five,novel,,60.4206500956023
W00822,26,26,3006.630674747169,78.0954896811924,Zero Dark Thirty,film,2012.0,86.0
W00178,28,28,2996.683017171796,73.25570487647339,The Godfather Part III,film,1990.0,23.038353995764712
W00829,27,27,2967.421289029204,78.78927079876024,The Martian,film,2015.0,98.66666666666669
W00846,22,22,2943.306802182298,86.12227283236481,My Name Is Khan,film,2010.0,79.33333333333333
W00108,24,24,2915.6171242489786,84.21523953101789,Inception,film,2010.0,70.6562634922593
W00174,21,21,2890.710590297198,81.78722761578582,Spider-Man: Homecoming,film,2017.0,22.782258064516128
W00006,26,26,2878.265354170692,72.99587379077691,Lawrence of Arabia,film,1962.0,57.46164055658725
W00001,23,23,2799.0209423743436,76.22090686857278,The Godfather,film,1972.0,68.8400209629687
W00239,20,20,2796.3915728569973,77.5394423668636,Green Book,film,2018.0,39.33577717967143
W00391,24,24,2767.2861654536614,83.04167028302756,Ulysses,novel,,84.89483747609943
W00158,23,23,2754.5994948903285,78.55334837758224,Captain America: The First Avenger,film,2011.0,39.314516129032256
W00000,23,23,2662.610001047848,77.68794657321853,Citizen Kane,film,1941.0,73.9186264776909
W00834,23,23,2635.6487895309306,80.53954819061447,Kingdom of Heaven,film,2005.0,97.33333333333334
W00164,27,27,2625.404555750941,64.37642737268112,Black Panther,film,2018.0,36.858539443656326
W00870,24,24,2595.399735990501,83.04167028302756,Ulysses,novel,1922.0,100.0
W00113,24,24,2591.7532321067865,77.92056318771434,The Avengers,film,2012.0,78.74622216739654
W00129,26,26,2568.518129216069,67.17783826691752,The Lord of the Rings: The Two Towers,film,2002.0,47.04146878019696
W00652,20,20,2542.8879681108824,87.71236908574897,The Town[ac],novel,1950.0,100.0
W00049,26,26,2532.011343415264,68.41902006770785,The Lord of the Rings: The Fellowship of the Ring,film,2001.0,54.58352093998643
W00170,21,21,2512.7534631703766,79.0932936317589,Catch Me If You Can,film,2002.0,35.70257406607866
W00046,24,24,2494.416081397933,75.4179356445199,A Streetcar Named Desire,film,1951.0,76.23518164435947
W00111,22,22,2490.631939975301,74.83772477769024,Interstellar,film,2014.0,64.22726618557125
W00083,19,19,2485.191750589864,79.0181225070378,Easy Rider,film,1969.0,37.085086042065015
W00031,22,22,2472.8040979852135,80.68886343614146,The Godfather Part II,film,1974.0,47.04927586221798
W00127,24,24,2467.0671976891035,74.23643958937383,Avengers: Infinity War,film,2018.0,69.35483870967742
W00403,20,20,2466.1663452059056,76.52569422067009,1984,novel,1949.0,100.0
W00149,23,23,2450.0237954288873,74.80524418577075,Inglourious Basterds,film,2009.0,59.105604556014725
W00029,24,24,2436.0963454451094,74.244554562381,Apocalypse Now,film,1979.0,53.76218929254302
W00110,24,24,2429.8933771730617,74.9748500703835,Harry Potter and the Philosopher's Stone,film,2001.0,85.08064516129033
W00172,22,22,2392.776536663214,74.64711396358865,Django Unchained,film,2012.0,42.24733921351939
W00209,20,20,2383.61663676629,73.40599725242676,Around the World in 80 Days,film,1956.0,91.9085140845928
W00023,19,19,2365.3985599627904,74.19435238693538,E.T. the Extra-Terrestrial,film,1982.0,44.28393881453155
W00515,19,19,2336.452195242108,82.30326974530715,"The Lion, the Witch and the Wardrobe",novel,,94.02485659655832
W00192,20,20,2324.9493326046877,78.66917212574107,Iron Man 2,film,2010.0,6.85483870967742
W00250,18,18,2307.2457322091004,79.89631999332559,Lost in Translation,film,2003.0,49.59993179963708
W00003,18,18,2306.2339164715017,81.25473515876314,Raging Bull,film,1980.0,84.73326959847037
W00136,22,22,2300.5150194035587,71.4109016155053,Batman Begins,film,2005.0,44.17853985484899
W00214,18,18,2300.0069913809566,78.1358937506229,Chariots of Fire,film,1981.0,71.03737623460925
W00051,24,24,2287.726923145922,71.83144853629078,Taxi Driver,film,1976.0,47.42374175044717
W00221,18,18,2278.757847019034,83.75569545522382,Designing Woman,film,1957.0,41.99224220871747
W00206,18,18,2278.757847019034,83.75569545522382,An American in Paris,film,1951.0,76.16519102190937
W00005,23,23,2268.6820611353724,75.09446246694783,Gone with the Wind,film,1939.0,74.780348081138
W00599,20,20,2261.757887759228,77.61256157818916,The Bridge on the Drina,novel,1945.0,
W00844,20,20,2253.1909900176524,81.89922090880408,Lincoln,film,2012.0,96.0
W00236,21,21,2245.8109856994274,74.84582676987269,Good Will Hunting,film,1997.0,57.59520648877738
W00272,19,19,2239.1450402621385,75.85677357676934,Rain Man,film,1988.0,57.31814251440124
W00193,21,21,2238.36333763943,79.16112720207602,Life of Pi,film,2012.0,24.09075022101605
W00082,20,20,2236.953718858119,75.82120561048252,Titanic,film,1997.0,63.36982377513366
W00156,22,22,2234.159774087124,71.46169597862168,Thor,film,2011.0,59.698235983470056
W00137,21,21,2230.7168614775874,82.2165195539311,Alien,film,1979.0,52.51932605522318
W00073,20,20,2223.7815331084785,73.72347221626505,The Silence of the Lambs,film,1991.0,62.96830348847213
W00053,21,21,2202.5810579021954,75.38356129109287,M*A*S*H,film,1970.0,73.40439770554494
W00007,22,22,2194.8753995273664,71.83121866960096,Schindler's List,film,1993.0,68.43291598587436
W00862,21,21,2192.0384111852536,75.12234234039431,Space Jam: A New Legacy,film,2021.0,86.0
W00106,20,20,2184.053917789052,75.6196989597226,Jurassic Park,film,1993.0,78.04693764263244
W00737,21,21,2178.134323184413,75.74388162641532,Collected Stories of William Faulkner,novel,1951,100.0
W00115,16,16,2171.1501421204302,84.49430746842782,Braveheart,film,1995.0,77.58848564944148
W00682,19,19,2168.7548020396393,78.90815246526529,The Elected Member,novel,1970.0,100.0
W00041,18,18,2161.8148531218444,77.45296754800512,Bonnie and Clyde,film,1967.0,39.9206500956023
W00654,19,19,2154.6236949759964,82.024377152564,The Old Man and the Sea[ae],novel,1952.0,100.0
W00514,14,14,2147.343024098783,80.90345514593648,Infinite Jest,novel,1996.0,63.47992351816443
W00128,19,19,2147.3421940621224,72.69536176822201,A Beautiful Mind,film,2001.0,81.5232876149948
W00067,21,21,2140.6484931075424,72.30255380086513,Unforgiven,film,1992.0,29.630877714313552
W00230,17,17,2134.82959637158,84.77962620470986,Gandhi,film,1982.0,78.6898223136973
W00175,22,22,2129.786811346945,76.10474407340077,Pirates of the Caribbean: On Stranger Tides,film,2011.0,18.75
W00284,17,17,2128.647364536112,71.61674702403052,The English Patient,film,1996.0,33.310701367660855
W00019,18,18,2110.162984432883,75.29549206909275,It's a Wonderful Life,film,1946.0,66.02581261950287
W00054,16,16,2080.274134714852,78.3486582840426,North by Northwest,film,1959.0,33.61185468451243
W00679,18,18,2075.290150511468,78.83185694464194,Elbow Room[az],novel,1977.0,100.0
W00009,18,18,2047.7782005539939,76.71910830784022,The Wizard of Oz,film,1939.0,68.6357552581262
W00157,19,19,2047.32620391833,76.61803312716967,Die Hard,film,1988.0,45.79015810357944
W00702,17,17,2047.0323733679243,71.61674702403052,The English Patient,novel,1992.0,72.80114722753346
W00165,19,19,2042.707434476023,78.97300210436192,The Prestige,film,2006.0,29.29747733300438
W00117,23,23,2028.6442490904965,63.33159220205172,The Lord of the Rings: The Return of the King,film,2003.0,43.30452463836325
W00393,18,18,2016.991114668979,80.48200538222741,A Portrait of the Artist as a Young Man,novel,,88.04971319311663
W00107,18,18,2015.1355730861005,77.23080862820193,The Terminator,film,1984.0,76.78740311272846
W00204,19,19,2010.2298745878577,77.77685845216638,Almost Famous,film,2000.0,56.61391287403637
W00539,16,16,1992.5389302120361,78.1525865187219,To Kill a Mockingbird,novel,1960.0,67.92543021032505
W00491,16,16,1988.8643200904944,78.78851765080394,American Pastoral,novel,,100.0
W00374,15,15,1981.6894683013554,70.41912472688377,Pan's Labyrinth,film,2006.0,75.07966857871256
W00418,17,17,1978.8575407595004,76.0178641692634,Tender Is the Night,novel,,15.77437858508604
W00245,22,22,1974.1839444316713,70.97034066349752,How the West Was Won,film,1962.0,56.5454080452071
W00034,15,15,1968.028021040753,81.69848255023035,Annie Hall,film,1977.0,72.50074492658312
W00248,15,15,1967.508484261846,76.83461582986075,Kramer vs. Kramer,film,1979.0,52.9454031737526
W00328,13,13,1960.4963100574375,85.27968122318096,The Seventh Seal,film,1957.0,96.43084767367748
W00069,17,17,1947.1936201339386,79.45627253280357,A Clockwork Orange,film,1971.0,52.0678776290631
W00098,17,17,1940.5006288154575,80.08157756117072,Toy Story,film,1995.0,37.4244741873805
W00601,17,17,1940.3247734213082,81.16142366147608,The Flies,novel,1947.0,84.32122370936902
W00014,18,18,1937.2905421402293,70.21546271364078,2001: A Space Odyssey,film,1968.0,84.67037254055387
W00300,17,17,1936.353926362682,82.75791833461422,Thelma & Louise,film,1991.0,12.553738232392735
W00160,19,19,1934.7343742301282,73.01551320892004,Oppenheimer,film,2023.0,40.1418592593582
W00040,17,17,1934.6637209850342,74.66298587536097,King Kong,film,2005.0,64.22562141491396
W00004,17,17,1931.4006654369784,78.29508128838367,Singin' in the Rain,film,1952.0,88.1529636711281
W00080,21,21,1928.8320098086842,72.10556579681347,Spartacus,film,1960.0,42.79158699808795
W00251,17,17,1925.1868574269554,74.49212790867543,Manchester by the Sea,film,2016.0,44.40574344484904
W00337,16,16,1911.3620960942142,75.41946755896643,"Aguirre, the Wrath of God",film,1972.0,100.0
W00033,15,15,1907.9066045851298,80.61780543472229,Snow White and the Seven Dwarfs,film,1937.0,72.69694072657744
W00036,17,17,1907.3891461407572,75.22750816389878,The Best Years of Our Lives,film,1946.0,54.83107825585691
W00075,19,19,1906.067292300219,73.4402033148548,Forrest Gump,film,1994.0,71.85745613432013
W00071,21,21,1879.6544946308406,72.10399173491602,The Shawshank Redemption,film,1994.0,78.57220286190095
W00120,17,17,1879.535149568357,73.88309246250104,Harry Potter and the Goblet of Fire,film,2005.0,67.12386151031066
W00038,18,18,1859.5156559037557,73.14768339628388,Dr. Strangelove,film,1964.0,52.653919694072655
W00076,20,20,1858.4610539675398,73.49238685656559,All the President's Men,film,1976.0,59.75334608030592
W00022,14,14,1857.9551654618115,78.78788821861566,The Grapes of Wrath,film,1940.0,63.7131931166348
W00524,18,18,1850.4158135390333,75.25814708454006,One Flew Over the Cuckoo's Nest,novel,,99.76099426386232
W00392,16,16,1847.0878858246724,74.65972961908403,The Great Gatsby,novel,1925.0,74.5697896749522
W00052,16,16,1844.0931171079637,80.13986021273017,The Deer Hunter,film,1978.0,31.16402593237609
W00153,19,19,1842.0382194858244,76.9182165879807,Skyfall,film,2012.0,42.63271243241021
W00208,19,19,1836.3685432670388,78.32205795642295,Argo,film,2012.0,77.79103895945732
W00377,14,14,1832.7479161419683,83.54013356278537,Amores Perros,film,2000.0,100.0
W00413,16,16,1832.1900892544452,82.16499632993295,U.S.A.,novel,,94.64627151051626
W00219,16,16,1828.1679228879436,72.33908490462284,Dances with Wolves,film,1990.0,53.36830631705862
W00266,18,18,1827.0837895443224,71.65172800279258,Out of Africa,film,1985.0,48.99891610137497
W00613,14,14,1823.5609061164641,80.51206934278318,The Old Man and the Sea,novel,,61.5678776290631
W00032,18,18,1819.5538740260035,75.25814708454006,One Flew Over the Cuckoo's Nest,film,1975.0,55.47326970061376
W00616,14,14,1818.3552607353565,81.38426718058268,Cancer Ward,novel,1967.0,34.03441682600382
W00072,16,16,1815.876394008008,72.14373370288317,Butch Cassidy and the Sundance Kid,film,1969.0,61.81107687561147
W00452,19,19,1814.593329823491,75.29688635047229,From Here to Eternity,novel,1952,63.91013384321224
W00147,16,16,1811.0321425299844,76.78557233037706,Life is Beautiful,film,1997.0,46.655204671148674
W00244,17,17,1807.4243231146286,77.27214120880238,How Green Was My Valley,film,1941.0,40.133477853150005
W00145,17,17,1804.3635684442295,71.55181646730398,Spider-Man,film,2002.0,58.03341968379285
W00242,18,18,1791.6808790289379,72.92792329741864,Hannah and Her Sisters,film,1986.0,51.09546832945647
W00176,15,15,1778.0419080601255,73.2447761453713,The Shining,film,1980.0,30.650558194041817
W00396,14,14,1773.9629851792085,77.28088656635664,The Sound and the Fury,novel,,73.32695984703633
W00118,17,17,1773.3808477417142,70.83194527170812,Terminator 2: Judgment Day,film,1991.0,62.68889163017332
W00602,16,16,1770.723914820508,80.27930069186633,The Good Earth,novel,1931.0,29.063097514340345
W00309,15,15,1770.7063321088713,80.60868696988737,Seven Samurai,film,1954.0,79.15869980879542
W00823,17,17,1767.3289582346772,72.20209395519532,Wings of Desire,film,1987.0,86.0
W00314,12,12,1764.657751436967,82.41718447725138,Ran,film,1985.0,92.35181644359466
W00197,21,21,1763.7103938743767,70.51749287150811,Shutter Island,film,2010.0,10.266966837311625
W00454,12,12,1759.725377637977,83.23000212350622,The Catcher in the Rye,novel,,88.24091778202677
W00186,17,17,1759.0115137005232,75.15226409810882,Joker,film,2019.0,38.733577992968605
W00863,13,13,1754.705725060919,86.49832612585273,Abraham Lincoln: Vampire Hunter,film,2012.0,66.0
W00166,19,19,1754.2705235747096,67.58886441326031,Star Wars: Episode VII – The Force Awakens,film,2015.0,28.62903225806452
W00404,13,13,1754.2555961659307,78.47984510179384,"I, Claudius",novel,,91.68260038240918
W00273,20,20,1748.1557274784457,65.87089681153462,Rebecca,film,1940.0,60.25014918829389
W00694,21,21,1745.8766747866096,77.1746417070796,Schindler's Ark,novel,1982.0,52.82026768642447
W00070,19,19,1741.514076541499,73.54649234568058,Saving Private Ryan,film,1998.0,63.63589403565041
W00002,18,18,1741.369891351255,71.74271616897187,Casablanca,film,1942.0,90.29958015133724
W00124,16,16,1740.5957102359953,72.5773684423303,Pirates of the Caribbean: The Curse of the Black Pearl,film,2003.0,49.59523222105718
W00354,19,19,1739.750816176579,76.15019012695556,The Leopard,film,1963.0,93.88145315487571
W00143,16,16,1737.1059723192889,79.90501896407372,The Departed,film,2006.0,46.80884250509047
W00394,17,17,1728.5142644893472,79.98221411037478,Lolita,novel,,95.60229445506693
W00126,16,16,1727.1619912921196,73.50388146482457,Harry Potter and the Half-Blood Prince,film,2009.0,48.65437200600342
W00278,15,15,1725.4984097009958,76.76460668741629,Terms of Endearment,film,1983.0,47.79201325035623
W00182,18,18,1725.3118735438584,76.42353497342623,Black Swan,film,2010.0,20.752122782129565
W00286,17,17,1724.0327681297501,74.80335896596546,The Great Ziegfeld,film,1936.0,17.8343949044586
W00130,18,18,1717.0088686624972,72.71171672588684,Pirates of the Caribbean: At World's End,film,2007.0,65.5241935483871
W00039,17,17,1703.2529831762865,68.33617443958107,The Sound of Music,film,1965.0,30.391060069093463
W00140,17,17,1697.242008761893,77.02692701387996,Star Wars: Episode V – The Empire Strikes Back,film,1980.0,55.846774193548384
W00061,15,15,1696.5729816578717,70.94391604266447,American Graffiti,film,1973.0,64.71988527724665
W00439,14,14,1694.6116203022764,74.46604205813374,Women in Love,novel,,18.54684512428298
W00096,18,18,1689.2202342933367,74.52974156645364,Blade Runner,film,1982.0,45.47010115339542
W00849,16,16,1678.821473886433,76.49213411779166,Agora,film,2009.0,79.33333333333333
W00400,16,16,1672.9514540980776,76.31714956848394,The Grapes of Wrath,novel,,74.7131931166348
W00618,10,10,1671.8779781957057,83.63806069976249,Joseph and His Brothers,novel,1943.0,
W00591,14,14,1671.503894170041,82.73652638412159,L'homme révolté,novel,1951.0,
W00619,15,15,1664.2824712429724,81.92270183550652,The General in His Labyrinth,novel,,
W00085,17,17,1663.6681435398878,69.49560444087071,Platoon,film,1986.0,43.296533554172605
W00094,18,18,1663.4831578232897,68.61338573421752,The Last Picture Show,film,1971.0,22.407265774378583
W00496,15,15,1660.9442134632143,78.37106545231433,Beloved,novel,,83.5564053537285
W00196,17,17,1657.9710318954344,76.25175268371888,Doctor Strange,film,2016.0,11.142807212319331
W00340,14,14,1656.4276275819936,87.9550085633512,The Passion of Joan of Arc,film,1928.0,100.0
W00068,16,16,1656.1153384283048,73.32592163301771,Tootsie,film,1982.0,56.72657743785851
W00516,17,17,1647.5836626524124,77.49105655953011,The Lord of the Rings,novel,,71.65391969407266
W00152,17,17,1646.3925717099257,74.81229595227308,American Beauty,film,1999.0,57.535569229457685
W00025,14,14,1645.0305626782224,78.19379922938558,Mr. Smith Goes to Washington,film,1939.0,82.14627151051624
W00854,15,15,1644.4497238241818,80.67750850339561,Becoming Jane,film,2007.0,63.33333333333333
W00050,19,19,1642.1856154960233,74.5017711478969,West Side Story,film,1961.0,42.15979994560209
W00500,12,12,1641.3436918008142,82.74690483437566,Blood Meridian,novel,,82.88718929254301
W00012,18,18,1641.0667120587989,74.65981892266808,Star Wars,film,1977.0,86.82982791586998
W00112,18,18,1641.0667120587989,74.65981892266808,Star Wars: Episode IV – A New Hope,film,1977.0,82.86290322580646
W00860,17,17,1630.4464646739184,77.91155693593743,Judy,film,2019.0,48.0
W00586,17,17,1625.7860184384665,77.72845870124986,Why I Am Not a Christian,novel,1957.0,
W00541,15,15,1618.5934828316686,75.07014428172019,Watchmen,novel,,71.08030592734225
W00743,13,13,1616.5852697457053,72.5227485241299,"Goodbye, Columbus",novel,1959.0,64.72275334608031
W00258,15,15,1605.783387019986,73.14487879599066,Moonlight,film,2016.0,53.617054962185335
W00237,18,18,1603.7835727934153,71.06013505234955,Gosford Park,film,2001.0,41.26335082997406
W00015,16,16,1603.6747442290493,68.8558135800558,Sunset Boulevard,film,1950.0,64.46450536468926
W00359,13,13,1601.248716712316,76.45034622942626,Ivan's Childhood,film,1962.0,100.0
W00142,18,18,1588.1960430801457,70.83982933841081,Star Wars: Episode II – Attack of the Clones,film,2002.0,53.42741935483871
W00824,13,13,1587.4080106370209,78.31910479063193,Hannah Arendt,film,2012.0,26.666666666666668
W00123,16,16,1584.095893391146,72.7035491703898,Star Wars: Episode I – The Phantom Menace,film,1999.0,73.18548387096774
W00105,15,15,1579.763378496498,79.4951166513846,Fight Club,film,1999.0,74.4418059581817
W00224,15,15,1578.3143332226127,69.81355461503011,Driving Miss Daisy,film,1989.0,56.253729707347375
W00644,15,15,1572.731480542983,79.04959537382813,Dragon's Teeth[u],novel,1942.0,100.0
W00086,15,15,1572.5531545494105,68.63609894925922,12 Angry Men,film,1957.0,13.132316659470796
W00581,12,12,1569.382782320912,83.09759779539154,Doctor Zhivago,novel,1957.0,57.74378585086042
W00018,16,16,1566.460799401773,70.87190972179238,On the Waterfront,film,1954.0,62.82431505320034
W00148,15,15,1562.339125072849,77.12444481824244,The Great Dictator,film,1940.0,56.3788832007237
W00662,14,14,1560.469283707553,79.0642104820769,To Kill a Mockingbird[am],novel,1960.0,100.0
W00293,15,15,1560.0661696901775,72.74912884314175,The Lost Weekend,film,1945.0,17.905639926441037
W00478,11,11,1560.008228679183,86.5707903157423,The Call of the Wild,novel,1903.0,31.931166347992352
W00144,18,18,1557.1873707705436,74.892022253791,Star Wars: Episode VI – Return of the Jedi,film,1983.0,51.41129032258064
W00154,16,16,1549.385383276354,74.24633596035558,No Country for Old Men,film,2007.0,54.06484942098442
W00480,12,12,1547.3818742901692,78.76312708552463,Midnight's Children,novel,1981.0,78.01147227533461
W00312,13,13,1546.3423940402242,79.33337291475473,High and Low,film,1963.0,72.78521351179096
W00104,17,17,1543.1390775520397,71.11598850021683,Back to the Future,film,1985.0,84.99969160550177
W00594,13,13,1541.680120121551,80.73632908048806,Quo Vadis,novel,1896.0,59.65583173996176
W00841,17,17,1535.5876147302113,71.4553188717656,Total Recall,film,1990.0,94.66666666666669
W00037,15,15,1535.1377373248517,73.24426697282948,The Treasure of the Sierra Madre,film,1948.0,47.75239005736138
W00062,17,17,1534.316445738251,70.62942316549714,Cabaret,film,1972.0,64.02868068833652
W00342,11,11,1533.118358430103,79.72883376295121,Beauty and the Beast,film,1946.0,99.7450605481198
W00536,12,12,1532.6936143415112,82.6042539992962,The Spy Who Came in from the Cold,novel,1963.0,90.48757170172084
W00092,12,12,1532.371200204239,76.8694061429959,The French Connection,film,1971.0,21.6340806956437
W00255,16,16,1529.722584246454,72.97978688545142,Midnight in Paris,film,2011.0,33.4443619003544
W00180,17,17,1527.94932257632,72.72144697306295,Twilight,film,2008.0,32.82576738830979
W00027,14,14,1527.506828991824,77.75419850548361,All About Eve,film,1950.0,79.31581639488012
W00179,14,14,1526.404195390978,80.62080680449267,The Pianist,film,2002.0,32.90338000370073
W00638,13,13,1523.7273198249436,79.3176643842378,Gone with the Wind[o],novel,1936.0,100.0
W00510,13,13,1523.7273198249436,79.3176643842378,Gone with the Wind,novel,1936.0,70.12428298279158
W00542,12,12,1523.4943182497834,74.44760688473608,White Noise,novel,1985,87.69917144678139
W00426,14,14,1522.7228125271845,74.22914751310547,All the King's Men,novel,,78.1548757170172
W00173,12,12,1519.560494688955,82.29079553993274,The Wolf of Wall Street,film,2013.0,29.09624992290137
W00131,18,18,1519.5486591146155,76.59663021929104,Star Wars: Episode III – Revenge of the Sith,film,2005.0,65.12096774193549
W00457,14,14,1518.5751883903613,72.96379248821229,Heart of Darkness,novel,1899.0,70.65009560229446
W00035,16,16,1514.9242027170721,70.31660900260145,The Bridge on the River Kwai,film,1957.0,59.50914006649536
W00249,15,15,1513.4252602093104,71.24968119232716,Little Miss Sunshine,film,2006.0,54.316108682149775
W00205,15,15,1512.567643694738,76.90322274944783,Amadeus,film,1984.0,89.5172388595925
W00318,11,11,1506.3302401863668,76.05103603125792,Jules and Jim,film,1962.0,78.01147227533461
W00331,10,10,1505.5724001293986,75.59058889300913,Fanny and Alexander,film,1982.0,68.54684512428298
W00836,14,14,1501.8341833411214,80.11127828117633,The Man Who Knew Infinity,film,2015.0,48.0
W00833,16,16,1499.9825582711362,72.22891496650799,Steve Jobs,film,2015.0,79.33333333333333
W00093,16,16,1498.685491591806,74.76459711289162,Pulp Fiction,film,1994.0,60.10582052383065
W00292,15,15,1490.279429610353,80.40040473511678,The Life of Emile Zola,film,1937.0,13.284456406571593
W00332,13,13,1485.0398358711332,75.27011951865856,Scenes from a Marriage,film,1973.0,68.54684512428298
W00688,14,14,1483.2820385275995,76.31234922222177,Heat and Dust,novel,1975.0,100.0
W00099,13,13,1478.9500714628666,77.68029822619647,Ben-Hur,film,1959.0,47.25340744491819
W00395,11,11,1476.2815581048444,79.0174477181463,Brave New World,novel,1932.0,66.1567877629063
W00415,12,12,1471.4248397972592,86.5625433174941,A Passage to India,novel,1924.0,69.50286806883365
W00141,15,15,1469.7966078071547,71.10963522864776,Harry Potter and the Deathly Hallows – Part 1,film,2010.0,53.83064516129032
W00155,15,15,1469.7966078071547,71.10963522864776,Harry Potter and the Deathly Hallows – Part 2,film,2011.0,42.54032258064517
W00232,13,13,1462.6774356308374,76.10892292303393,Get Out,film,2017.0,71.16951443777324
W00463,10,10,1457.032598741276,82.3885317265891,The Day of the Locust,novel,,62.7151051625239
W00485,14,14,1454.0532126172736,84.07408701469895,Under the Net,novel,,100.0
W00798,11,11,1451.3190664122892,76.78878434782827,The Underground Railroad,novel,2016,63.76673040152964
W00265,13,13,1448.4677161081606,71.78325266719472,Ordinary People,film,1980.0,54.957922811803535
W00057,12,12,1448.1397100533864,77.03799013578038,The Gold Rush,film,1925.0,52.379541108986615
W00021,14,14,1444.8050590598184,77.64931410995788,Some Like It Hot,film,1959.0,59.797916795164376
W00256,14,14,1440.5041224825793,77.24524932675403,Milk,film,2008.0,72.22722899489716
W00310,12,12,1435.6029387254557,77.35092953990552,Rashomon,film,1950.0,83.23773103887827
W00122,15,15,1432.7385124204848,70.08238689006403,Harry Potter and the Prisoner of Azkaban,film,2004.0,50.93931824256256
W00257,13,13,1431.9666005064034,73.18086447852968,Million Dollar Baby,film,2004.0,43.80168308752786
W00020,12,12,1428.5367240548874,78.1831058524274,Chinatown,film,1974.0,74.42884225824392
W00294,17,17,1426.0666158371,69.6467597464665,The Piano,film,1993.0,27.81661409555358
W00229,16,16,1419.796130379489,73.06434688363727,From Here to Eternity,film,1953.0,49.89739498970905
W00383,12,12,1418.3480361716042,84.94041718858925,The Gospel According to St. Matthew,film,1964.0,100.0
W00397,15,15,1416.10350960473,70.65133884875328,Catch-22,novel,,64.1491395793499
W00828,12,12,1410.7009013066634,81.63738672670515,Mishima: A Life in Four Chapters,film,1985.0,24.0
W00357,12,12,1410.0659832993065,80.62833060760177,Andrei Rublev,film,1966.0,83.87507966857872
W00368,14,14,1404.639705245284,75.20455767589529,Farewell My Concubine,film,1993.0,100.0
W00262,16,16,1402.619437893026,75.27755894814817,My Fair Lady,film,1964.0,62.28580823519383
W00150,16,16,1397.6651473189838,75.57331834505035,Cars,film,2006.0,63.17075803367669
W00653,16,16,1395.5839274473547,76.23671431598102,The Caine Mutiny[ad],novel,1951.0,100.0
W00455,12,12,1392.8344421107272,80.20498421001277,A Clockwork Orange,novel,,86.5678776290631
W00055,14,14,1387.5804410006172,75.5713811579739,Jaws,film,1975.0,69.72753346080306
W00572,11,11,1386.7980919367374,81.16557731940458,Waiting for Godot,novel,1952.0,70.36328871892925
W00593,12,12,1378.886170979119,79.99242025709732,The Stranger,novel,1942.0,75.71701720841301
W00024,13,13,1378.1414805210093,70.00639986417227,To Kill a Mockingbird,film,1962.0,55.92543021032505
W00464,8,8,1376.7652099052616,85.5937669436208,A Farewell to Arms,novel,1929.0,36.90248565965583
W00066,15,15,1374.172140705989,74.68892369995552,Who's Afraid of Virginia Woolf?,film,1966.0,66.52198852772466
W00028,12,12,1371.4488814253168,77.54485422518447,Double Indemnity,film,1944.0,61.04780114722753
W00560,10,10,1371.1823056980502,82.82339814191546,To Have and Have Not,novel,1937.0,15.487571701720842
W00059,11,11,1364.8531826848598,75.90917996799077,Duck Soup,film,1933.0,44.30497131931166
W00201,14,14,1364.6034490545187,72.9590492894141,A Man for All Seasons,film,1966.0,59.46523608286344
W00133,12,12,1363.53832768234,75.45958444454413,Brokeback Mountain,film,2005.0,50.87506938876211
W00358,11,11,1361.8387878426704,81.16385908136861,The Mirror,film,1975.0,96.17590822179731
W00102,14,14,1360.6159341661944,76.94292575620527,Gladiator,film,2000.0,81.51348332175053
W00058,13,13,1360.1204777482142,70.99803200347925,Nashville,film,1975.0,50.54110898661568
W00088,12,12,1350.713179457775,70.57143660303583,The Sixth Sense,film,1999.0,43.5717017208413
W00159,11,11,1348.3114737013748,84.14435752475111,Gravity,film,2013.0,41.03214498653344
W00056,13,13,1347.4998660319782,72.06107077197062,Rocky,film,1976.0,55.06726260793315
W00048,14,14,1343.551644673931,72.14533110274975,Intolerance,film,1916.0,38.95411089866157
W00134,14,14,1342.2916058631663,73.69606297959183,Iron Man,film,2008.0,68.39367585682271
W00016,11,11,1341.8643851508878,74.65629317407691,The Graduate,film,1967.0,79.66730401529637
W00615,12,12,1336.4408367688295,81.16535565534544,A Moveable Feast,novel,1964.0,21.414913957934992
W00866,12,12,1332.7818969937073,70.74824458735759,Time of the Gypsies,film,1988.0,59.333333333333336
W00436,12,12,1329.6820166767282,84.8328222185046,The Secret Agent,novel,,32.122370936902485
W00706,14,14,1329.615605179278,72.70105935103581,The Ghost Road,novel,1995.0,100.0
W00189,14,14,1327.7617925301563,78.45777132122923,The Social Network,film,2010.0,15.25524784637842
W00566,10,10,1326.903642180284,78.96252130253166,Death in Venice,novel,1912.0,45.124282982791584
W00552,7,7,1326.1954144127594,88.84798500081321,The Plague,novel,1947.0,77.62906309751433
W00656,10,10,1323.189244201498,74.7874573081228,A Fable[ag],novel,1954.0,100.0
W00207,12,12,1322.2894825857534,79.76870007939041,Anora,film,2024.0,50.6238506412052
W00091,14,14,1318.4434525325644,69.16152023781076,Goodfellas,film,1990.0,31.842256214149145
W00495,14,14,1315.685806447679,70.4207965654807,Atonement,novel,,84.9904397705545
W00330,12,12,1315.1218274721434,72.50915999897249,Persona,film,1966.0,89.35627788400255
W00548,7,7,1311.4523608861448,84.68230103727073,"Absalom, Absalom!",novel,1936.0,36.32887189292543
W00260,12,12,1311.2720211453257,71.08967172024752,Mrs. Miniver,film,1942.0,47.62638379754235
W00334,11,11,1311.1782897463906,76.83081735618867,M,film,1931.0,99.36265137029956
W00680,15,15,1303.6596970527135,69.01136679157271,The Stories of John Cheever[ba],novel,1978.0,100.0
W00254,12,12,1294.973517065544,76.88942855361896,Melvin and Howard,film,1980.0,52.723751994251685
W00317,11,11,1292.5034824716192,76.60231351151252,The 400 Blows,film,1959.0,68.54684512428298
W00079,15,15,1290.4733133013012,68.14591968999085,The Apartment,film,1960.0,38.45782335294094
W00349,9,9,1287.902472623664,84.88071940311187,Diabolique,film,1955.0,84.19375398342893
W00508,12,12,1281.1989368977133,76.10231949169001,The French Lieutenant's Woman,novel,,57.88718929254302
W00816,11,11,1280.6915920653523,84.46184831766254,The Promised Land,film,1975.0,41.333333333333336
W00030,14,14,1278.7073937960545,71.81703047035187,The Maltese Falcon,film,1941.0,66.78776290630975
W00872,13,13,1278.331233841268,78.5155557092353,Blonde,film,2022.0,59.333333333333336
W00808,11,11,1274.8183375268077,73.6706256043879,Reagan,film,2024.0,8.666666666666668
W00467,8,8,1270.8582871263122,84.7944348791546,Finnegans Wake,novel,,39.96175908221797
W00100,13,13,1267.6806410155073,75.18419975268188,Avatar,film,2009.0,96.66625547400234
W00203,14,14,1263.7607527567654,73.84887369094102,All the King's Men,film,1950.0,76.2440476915395
W00568,10,10,1263.6210888559276,81.88110877209269,East of Eden,novel,1952.0,38.4321223709369
W00010,9,9,1260.798383960875,78.12385886501596,City Lights,film,1931.0,54.84703632887189
W00074,13,13,1259.2298674322428,74.34816576497681,In the Heat of the Night,film,1967.0,32.19335614797855
W00484,14,14,1257.5710600475986,74.76112260425944,Wide Sargasso Sea,novel,,62.95411089866157
W00011,12,12,1252.4356923579228,76.12603311139922,The Searchers,film,1956.0,56.6414913957935
W00095,12,12,1246.5995273450665,74.75577669054198,Do the Right Thing,film,1989.0,30.22466539196941
W00733,11,11,1244.5319095208877,81.03940368080649,Prophet Song,novel,2023.0,100.0
W00725,11,11,1244.5319095208877,81.03940368080649,The Sellout,novel,2016.0,100.0
W00409,12,12,1240.9414434012892,79.66112177147954,Invisible Man,novel,1953,81.51688973868706
W00559,8,8,1238.9310863680507,85.11112491461476,With Fire and Sword,novel,1884.0,
W00097,11,11,1233.9359766077132,77.21148116810079,Yankee Doodle Dandy,film,1942.0,9.578393881453156
W00864,10,10,1231.299725951679,75.01292459571027,"11'09""01 September 11",film,2002.0,5.333333333333334
W00043,16,16,1229.3177791297505,76.83236119560941,The Philadelphia Story,film,1940.0,68.98757170172084
W00319,10,10,1227.3253715373005,78.29070671293206,Breathless,film,1960.0,73.16762268961122
W00388,13,13,1226.9492290247076,81.64496590506707,Black Orpheus,film,1959.0,68.54684512428298
W00198,12,12,1223.7867077771211,67.20779332379198,The Truman Show,film,1998.0,15.734287300314564
W00304,12,12,1223.4303570024895,67.178097425906,Witness,film,1985.0,23.613157798589715
W00683,10,10,1222.499653329782,77.0737499362219,In a Free State,novel,1971.0,100.0
W00282,9,9,1222.1546427373296,76.4661363375921,The Crying Game,film,1992.0,23.25571482505389
W00078,11,11,1221.4767668758914,76.75552118220621,The Wild Bunch,film,1969.0,56.93690248565965
W00690,11,11,1220.9337850285017,80.89597392525013,Staying On,novel,1977.0,100.0
W00617,8,8,1220.347240906069,87.7831428099574,One Day in the Life of Ivan Denisovich,novel,1962.0,69.12045889101339
W00521,12,12,1220.1896727644655,72.709341903885,Naked Lunch,novel,1959.0,77.43785850860421
W00575,12,12,1215.9006842973802,77.86418064429897,For Whom the Bell Tolls,novel,1940.0,31.35755258126195
W00610,11,11,1214.0068002403666,77.93533933788336,The White Castle,novel,1985.0,42.16061185468451
W00322,11,11,1205.366185341732,78.19503645656341,La Dolce Vita,film,1960.0,76.03569152326322
W00405,9,9,1198.4799335555454,73.6888995909828,To the Lighthouse,novel,,58.460803059273424
W00469,9,9,1197.7038012194923,84.54142109601509,A Room with a View,novel,,91.8738049713193
W00311,10,10,1195.8712415307418,76.368231304599,Ikiru,film,1952.0,100.0
W00627,11,11,1194.777734679003,77.37296923746759,Arrowsmith[e],novel,1925.0,100.0
W00326,10,10,1192.2105391658995,76.81948770556183,Umberto D.,film,1952.0,100.0
W00727,12,12,1187.4335085471278,78.72807620539669,Milkman,novel,2018.0,51.24282982791587
W00268,11,11,1186.2688728540256,78.13608012969797,Pillow Talk,film,1959.0,38.77007952649463
W00528,9,9,1180.9183737123637,74.23027386308499,The Power and the Glory,novel,1940.0,52.82026768642447
W00871,13,13,1169.0495575680275,76.63914707808918,Reign Over Me,film,2007.0,44.0
W00064,11,11,1164.2070450689405,69.16534939294671,The African Queen,film,1951.0,37.78967495219885
W00707,12,12,1164.0612570390967,74.29926670755925,Last Orders,novel,1996.0,100.0
W00371,9,9,1160.401345793144,77.5090182419139,Spirited Away,film,2001.0,68.54684512428298
W00843,10,10,1152.0796243489156,81.03002913316882,United 93,film,2006.0,72.66666666666667
W00223,11,11,1147.956876016538,79.28883865487548,Dog Day Afternoon,film,1975.0,71.48615897991743
W00042,10,10,1145.634649303483,80.82410038252539,Midnight Cowboy,film,1969.0,55.73608895275908
W00390,9,9,1141.4081234588098,83.34664449114865,Rocco and His Brothers,film,1960.0,100.0
W00321,9,9,1140.3392830269884,73.15941003028736,8½,film,1963.0,78.01147227533461
W00125,8,8,1138.3815762305,81.40941595083908,Slumdog Millionaire,film,2008.0,48.70091641291234
W00116,12,12,1137.145751681236,72.36582844809372,"The Good, the Bad and the Ugly",film,1966.0,77.45327823351631
W00868,12,12,1128.0236532023312,81.35102618667749,Steve Jobs,novel,2011.0,28.000000000000004
W00264,9,9,1127.5015820406268,84.33124204627062,Oliver!,film,1968.0,70.81115806651971
W00806,9,9,1120.183726993379,84.36686946153773,James,novel,2024,95.4110898661568
W00726,10,10,1119.2828029569048,73.89626856748082,Lincoln in the Bardo,novel,2017.0,52.82026768642447
W00598,9,9,1117.0661903330374,81.72121694653296,Siddhartha,novel,1922.0,32.313575525812624
W00629,10,10,1116.5066256154546,77.2688651128757,The Bridge of San Luis Rey[f],novel,1927.0,100.0
W00718,12,12,1114.7778261449728,69.74589886714574,Wolf Hall,novel,2009.0,57.45697896749522
W00538,9,9,1111.7489386701325,81.45576964353391,Things Fall Apart,novel,,62.33269598470363
W00329,7,7,1109.303720021449,76.92454425933752,Wild Strawberries,film,1957.0,91.459528362014
W00355,7,7,1109.2280856750915,79.23057754822082,Come and See,film,1985.0,100.0
W00324,10,10,1107.946111907231,65.56012461292475,Amarcord,film,1973.0,100.0
W00763,14,14,1107.4946773960405,72.10768218668223,The Stories of John Cheever,novel,1981,100.0
W00567,9,9,1106.5504292403834,79.7265847284058,The Glass Bead Game,novel,1943.0,34.03441682600382
W00060,10,10,1103.9992156959308,79.03278171946742,Sullivan's Travels,film,1942.0,37.01720841300191
W00119,10,10,1103.88096281441,79.04537800661043,Avengers: Endgame,film,2019.0,52.95544727482062
W00348,9,9,1103.3194666701177,83.52063719329925,Rififi,film,1955.0,100.0
W00277,10,10,1102.3405651597357,72.70292367718314,Tender Mercies,film,1983.0,23.110484587935844
W00641,11,11,1098.8863662151907,71.90851483485258,The Grapes of Wrath[r],novel,1939.0,100.0
W00162,11,11,1094.8712481755597,75.59803943498227,The King's Speech,film,2010.0,43.18108212879419
W00880,11,11,1092.4210832105678,75.79892103673552,Extremely Loud and Incredibly Close,film,2011.0,79.33333333333333
W00625,10,10,1091.3816449913215,83.44918182150664,The Able McLaughlins,novel,1923.0,100.0
W00200,10,10,1090.3171464428738,71.68547741850782,A Man and a Woman,film,1966.0,79.76458696155206
W00558,10,10,1089.9578593287417,78.01364558911108,The Myth of Sisyphus,novel,1942.0,
W00817,9,9,1083.4674478583142,75.67927836168886,The Bell Jar,novel,1963.0,53.333333333333336
W00306,12,12,1083.0668883142016,65.73231427310334,You Can't Take It With You,film,1938.0,5.576597532608298
W00398,11,11,1082.6529493163277,74.29969668545893,Darkness at Noon,novel,,2.48565965583174
W00087,10,10,1082.3614977017378,81.96733982485803,Bringing Up Baby,film,1938.0,15.48661567877629
W00361,7,7,1079.4752874463015,79.15490854413223,Ashes and Diamonds,film,1958.0,100.0
W00360,9,9,1071.9608472225393,76.57980854518402,Solaris,film,1972.0,70.36328871892925
W00295,9,9,1071.175600376409,84.45802438714676,The Producers,film,1967.0,30.74862076944624
W00375,9,9,1067.0493840934419,72.09890853715127,Y Tu Mama Tambien,film,2001.0,100.0
W00372,9,9,1066.9703852549867,77.40550581553795,Princess Mononoke,film,1997.0,68.54684512428298
W00194,9,9,1065.9586186621973,76.64230586934471,The Artist,film,2011.0,33.00708256447508
W00132,9,9,1065.5345140858417,74.75563257005842,Dead Poets Society,film,1989.0,61.52091990150233
W00728,9,9,1061.9539835436674,78.8563106159617,The Testaments,novel,2019.0,64.43594646271511
W00506,11,11,1060.5402982577923,76.6066887240768,Dog Soldiers,novel,1975[b],100.0
W00812,9,9,1058.6199768252818,78.94801652424354,Whitney Houston: I Wanna Dance with Somebody,film,2022.0,19.33333333333333
W00167,10,10,1056.1415905296394,73.91475094984233,The Green Mile,film,1999.0,27.93128970579165
W00839,12,12,1054.2342363243138,71.437435820381,The Favourite,film,2018.0,91.33333333333331
W00811,10,10,1053.5962320202584,80.15169315283075,Napoleon,film,2023.0,86.0
W00600,7,7,1053.1836179744298,81.67126278571365,The Pearl,novel,1947.0,96.74952198852772
W00509,11,11,1052.0292088922351,80.73315339006336,The Golden Notebook,novel,,100.0
W00596,10,10,1047.803278617594,76.89470611139514,Of Mice and Men,novel,1937.0,54.11089866156787
W00592,9,9,1047.062920440895,75.94936540652509,One Hundred Years of Solitude,novel,1967.0,76.2906309751434
W00507,13,13,1046.3766226068801,72.95303814033774,Falconer,novel,,65.39196940726578
W00047,10,10,1045.8070203799916,77.63583015543554,Rear Window,film,1954.0,59.10038240917782
W00522,7,7,1045.4553140872608,81.01093251217155,Neuromancer,novel,,76.2906309751434
W00276,7,7,1045.2315641144119,73.12562875477602,Talk to Her,film,2002.0,29.93630573248408
W00742,12,12,1045.1000387765102,71.90682134509817,The Magic Barrel,novel,1959,100.0
W00325,9,9,1043.3130872843678,76.48446026630333,Bicycle Thieves,film,1948.0,100.0
W00084,11,11,1037.5958817773335,80.62803221729307,A Night at the Opera,film,1935.0,28.60229445506692
W00511,10,10,1036.065717771357,70.85154250709164,Gravity's Rainbow,novel,1974[b],76.99171446781389
W00399,8,8,1035.1894018629775,87.05750834535719,Sons and Lovers,novel,1913.0,24.8565965583174
W00217,13,13,1035.0080422364392,75.495444286167,Coming Home,film,2006.0,59.31117633447407
W00259,9,9,1034.9389205244167,75.99335524035739,Moonstruck,film,1987.0,52.438162974510114
W00026,10,10,1034.1943338422886,78.94254875665003,High Noon,film,1952.0,60.9961759082218
W00460,10,10,1031.4282513951448,76.77588281261326,The Alexandria Quartet,novel,,5.640535372848948
W00199,10,10,1019.18013244389,74.13561028239957,2012,film,2009.0,4.981085137441148
W00557,7,7,1014.6946041165234,83.37041095089221,The Gulag Archipelago,novel,1973.0,78.39388145315488
W00109,10,10,1012.552489520538,71.95745167197194,V for Vendetta,film,2005.0,60.144123028845165
W00449,10,10,1012.0228269396534,76.38926712512645,Zuleika Dobson,novel,1911.0,
W00089,10,10,1010.0203916952546,76.51597909667456,Swing Time,film,1936.0,11.0
W00274,8,8,1005.3689188732603,76.49476563688236,Splendor in the Grass,film,1961.0,22.99813666865584
W00699,11,11,1004.5755631398468,78.37564252001732,Moon Tiger,novel,1987.0,100.0
W00307,9,9,998.5194135948987,77.33600933674443,Rules of the Game,film,1939.0,68.54684512428298
W00308,9,9,998.5194135948987,77.33600933674443,Grand Illusion,film,1937.0,66.92160611854685
W00338,10,10,998.4568136407918,72.22846957404843,Fitzcarraldo,film,1982.0,100.0
W00526,9,9,996.5434943470789,79.29397222836847,Play It as It Lays,novel,,100.0
W00297,11,11,995.4292464845711,68.78461503731643,The Shape of Water,film,2017.0,43.974010790271706
W00813,9,9,993.5483966465291,81.85991247061186,The Shock Doctrine,novel,2007.0,36.0
W00517,8,8,990.9104131278983,80.44156361681976,Lucky Jim,novel,1954.0,52.82026768642447
W00840,11,11,990.4269055148585,81.74262906749435,Fahrenheit 9/11,film,2004.0,91.33333333333331
W00351,7,7,989.8734759945341,74.57724926807349,The Discreet Charm of the Bourgeoisie,film,1972.0,100.0
W00564,7,7,986.9724442242423,88.03671439019226,Jean-Christophe,novel,1904.0,
W00225,12,12,986.6845285202571,74.8190705385727,Eternal Sunshine of the Spotless Mind,film,2004.0,74.76891037741595
W00443,8,8,986.2078407123597,77.55607450586237,Pale Fire,novel,,51.24282982791587
W00185,9,9,983.4693790434023,67.91478836727444,The Revenant,film,2015.0,17.268806924484466
W00493,10,10,981.5528775465431,74.48677607409209,The Assistant,novel,,100.0
W00576,8,8,979.2578013206788,74.21648548035829,The Jungle Book,novel,1894.0,40.53537284894838
W00235,11,11,972.5830291203738,71.03255439371368,Going My Way,film,1944.0,49.3411357796154
W00780,10,10,970.0884350635662,69.19393812519519,Cold Mountain,novel,1997.0,63.09751434034417
W00315,8,8,967.7515474180057,77.7484632229686,Tokyo Story,film,1953.0,100.0
W00749,7,7,965.4076923147841,77.8297892436299,Steps,novel,1969,86.80688336520078
W00425,7,7,959.093104953379,79.38563326264696,As I Lay Dying,novel,1930.0,29.25430210325048
W00775,8,8,958.7401399207001,81.29948665833653,All the Pretty Horses,novel,1992,80.40152963671129
W00547,9,9,956.2123681156216,78.0758051036477,Long Day's Journey into Night,novel,1956.0,90.43977055449332
W00758,7,7,956.1109037876342,81.61718926281925,The Spectator Bird,novel,1976.0,100.0
W00668,8,8,953.0124376113922,74.51169273648902,The Fixer,novel,1966.0,80.81580624601658
W00414,7,7,948.3000095999633,87.54647949187726,"Winesburg, Ohio",novel,,78.39388145315488
W00859,10,10,947.272047081466,75.84530320020829,The King,film,2019.0,54.66666666666666
W00523,8,8,946.5509523698126,79.31546049609504,Never Let Me Go,novel,,50.90822179732314
W00691,9,9,945.7693123093377,78.19186726437422,"The Sea, the Sea",novel,1978.0,100.0
W00448,7,7,940.9605868918966,79.39590071859716,The Age of Innocence,novel,,95.88910133843213
W00852,9,9,936.8519891781916,79.55388974185892,The Help,novel,2009.0,36.0
W00492,8,8,936.1620846465032,74.55260609556531,"Are You There God? It's Me, Margaret",novel,,57.265774378585085
W00877,9,9,936.0272280881354,72.81723869929685,Dear John,film,2010.0,63.33333333333333
W00459,6,6,934.4533246640633,77.93041479088161,The House of Mirth,novel,,69.12045889101339
W00667,9,9,933.8805953538965,77.2051174642148,The Collected Stories[aq],novel,1965.0,100.0
W00708,6,6,933.7120369155388,83.93190318358452,The God of Small Things,novel,1997.0,100.0
W00499,8,8,933.6170721410648,78.68433651928045,The Blind Assassin,novel,2000.0,100.0
W00352,9,9,933.2478599100516,69.62102572835234,Viridiana,film,1961.0,100.0
W00814,9,9,933.1100287349751,84.1447227306235,In Cold Blood,novel,1966.0,48.0
W00227,12,12,932.9756587211614,73.24066986309724,Fargo,film,1996.0,82.44936731984752
W00693,7,7,932.5034398237252,77.06547839407098,Rites of Passage,novel,1980.0,55.78393881453155
W00722,7,7,932.5034398237252,77.06547839407098,The Luminaries,novel,2013.0,100.0
W00713,7,7,932.5034398237252,77.06547839407098,The Line of Beauty,novel,2004.0,100.0
W00710,7,7,932.5034398237252,77.06547839407098,True History of the Kelly Gang,novel,2001.0,100.0
W00687,7,7,932.5034398237252,77.06547839407098,Holiday,novel,1974.0,83.8432122370937
W00730,7,7,932.5034398237252,77.06547839407098,Shuggie Bain,novel,2020.0,100.0
W00732,7,7,932.5034398237252,77.06547839407098,The Seven Moons of Maali Almeida,novel,2022.0,100.0
W00303,10,10,931.9870941207868,85.22488503769365,Wings,film,1927.0,25.652470436360534
W00734,8,8,930.5243545143908,86.72475692837058,Orbital,novel,2024.0,75.4302103250478
W00151,11,11,926.9993003092975,73.28831618281832,Parasite,film,2019.0,53.16103746855653
W00498,8,8,926.5577013351734,79.27579936282893,The Big Sleep,novel,1939.0,62.23709369024856
W00231,10,10,926.4047775276529,72.25563922949206,Gentleman's Agreement,film,1947.0,40.0826320468634
W00298,11,11,925.5570397856645,84.14154907142405,The Sting,film,1973.0,51.431598689578735
W00577,7,7,925.2980149297456,82.06462667534008,My Name Is Red,novel,1998.0,
W00532,9,9,924.2279187363648,77.15666998044821,Revolutionary Road,novel,1961.0,80.40152963671129
W00831,8,8,923.787160609276,85.01826927659215,Kurt Cobain: Montage of Heck,film,2015.0,19.33333333333333
W00380,6,6,921.685336673285,82.8871566727088,Knife in the Water,film,1962.0,100.0
W00537,8,8,921.3970571104942,84.98593023526851,Their Eyes Were Watching God,novel,,91.68260038240918
W00431,5,5,917.1702264259887,84.52405310258732,Lord of the Flies,novel,1954.0,70.74569789674952
W00344,6,6,915.5124055241603,78.40141485286118,Mon Oncle,film,1958.0,100.0
W00588,10,10,915.4160067937636,74.36903650724639,The Remains of the Day,novel,1989.0,68.92925430210326
W00611,7,7,914.7807832816773,71.08629979491307,Narcissus and Goldmund,novel,1930.0,
W00081,8,8,912.6175110172388,65.35507872389255,Sunrise: A Song of Two Humans,film,1927.0,19.0
W00240,10,10,910.7083535662449,78.61107733080898,Guess Who's Coming to Dinner,film,1967.0,39.304112725457
W00241,5,5,907.9978215524482,82.84735571311043,Hamlet,film,1948.0,74.74089951407241
W00121,9,9,907.3711811814833,75.92449645298969,Harry Potter and the Order of the Phoenix,film,2007.0,69.5956434137215
W00595,5,5,907.0327205394477,81.1331327868476,Hunger,novel,1890.0,44.35946462715105
W00138,7,7,906.5992059871473,80.69549163839466,Home Alone,film,1990.0,64.87001171899094
W00195,9,9,904.580989017866,81.32542921523661,Léon: The Professional,film,1994.0,5.645161290322581
W00017,9,9,902.4321581351905,81.56890845179603,The General,film,1926.0,84.99904397705545
W00571,5,5,900.5962292347504,83.45877765783601,Buddenbrooks,novel,1901.0,
W00821,10,10,892.5810547779463,80.42230770285244,Shadowlands,film,1993.0,19.33333333333333
W00045,8,8,891.6434972249866,73.37619001532752,It Happened One Night,film,1934.0,69.09632489353842
W00341,8,8,889.5582018316721,83.76214544863203,Children of Paradise,film,1945.0,100.0
W00716,10,10,889.1782589397226,81.94569730747628,The Gathering,novel,2007.0,100.0
W00874,9,9,882.7908829617413,78.87380839522737,I'm Not There,film,2007.0,56.66666666666666
W00856,9,9,880.6457840677326,75.34538436838743,Last Days,film,2005.0,19.33333333333333
W00090,9,9,880.0437969011018,82.15791464877144,Sophie's Choice,film,1982.0,36.40535372848949
W00850,7,7,876.9001704016509,85.69431085277813,Tolkien,film,2019.0,29.33333333333333
W00635,7,7,876.3318486185756,87.32986365999467,Lamb in His Bosom[l],novel,1933.0,100.0
W00556,6,6,873.5575112634231,86.25657364550462,Growth of the Soil,novel,1917.0,
W00406,6,6,873.1184832058179,88.00242103391163,An American Tragedy,novel,,59.65583173996176
W00327,8,8,871.2565987882584,82.93461005239936,"Rome, Open City",film,1945.0,100.0
W00281,9,9,870.5981147579301,70.93242342161716,The Candidate,film,1972.0,37.34091656416314
W00442,7,7,867.284042579361,72.46281474290545,Portnoy's Complaint,novel,,57.45697896749522
W00401,8,8,865.6892899818758,79.45777435008627,Under the Volcano,novel,,58.460803059273424
W00423,5,5,865.3223391268589,87.73413733933117,Sister Carrie,novel,1900.0,47.41873804971319
W00246,10,10,863.9102732830146,76.50325583505412,Interrupted Melody,film,1955.0,59.23566878980891
W00389,7,7,857.7694417988494,71.52293774899988,Elevator to the Gallows,film,1958.0,100.0
W00607,7,7,857.1090923072063,75.10030051227285,The Museum of Innocence,novel,2008.0,
W00531,7,7,855.3078079052873,86.00338795151961,Red Harvest,novel,,100.0
W00269,10,10,855.2544153723599,72.47351953268097,Places in the Heart,film,1984.0,26.40571908757657
W00320,7,7,853.6754180770595,71.37898256546389,Contempt,film,1963.0,88.91013384321224
W00299,9,9,852.1252345297726,75.07642311062845,The Usual Suspects,film,1995.0,32.94869140553641
W00261,10,10,852.1250214087362,71.93024234165762,Mutiny on the Bounty,film,1935.0,71.63869639877726
W00640,7,7,850.7652618806904,74.4921709347075,The Yearling[q],novel,1938.0,100.0
W00291,8,8,850.2375140190213,83.95487591930298,The Lavender Hill Mob,film,1951.0,13.02931397742081
W00184,8,8,849.5217623730296,68.03241087128545,Birdman,film,2014.0,40.560934480508486
W00525,7,7,847.2611715377936,77.15126863389644,The Painted Bird,novel,1965.0,100.0
W00793,8,8,842.7034816964599,86.34697469722866,Salvage the Bones,novel,2011,100.0
W00555,6,6,842.3693809821598,79.73351155039583,Of Love and Other Demons,novel,1994.0,
W00370,6,6,841.1628476548569,86.0116517095821,My Neighbor Totoro,film,1988.0,100.0
W00364,7,7,840.28428638804,78.89283187886069,Blue,film,1993.0,99.29891650732952
W00543,8,8,837.6589545432367,80.65092991159545,White Teeth,novel,2001.0,67.01720841300191
W00470,5,5,835.7650573652594,84.63115073889446,Brideshead Revisited,novel,,61.9980879541109
W00879,7,7,831.4461774307097,78.53145780936404,Nanook of the North,film,1922.0,68.66666666666667
W00430,6,6,830.9273382899287,77.67533132003236,The Heart of the Matter,novel,,56.59655831739962
W00759,8,8,830.2170636075659,84.90250254300415,Blood Tie,novel,1978,100.0
W00077,7,7,828.468340897527,79.87980715044452,Modern Times,film,1936.0,30.81166347992352
W00353,7,7,824.2736852220896,73.55987486110621,Los Olvidados,film,1950.0,100.0
W00544,5,5,823.2794723677431,89.42062685541089,The Wonderful Adventures of Nils,novel,1907.0,
W00462,7,7,819.842617184213,80.10136220898482,A House for Mr. Biswas,novel,,100.0
W00202,8,8,819.4935560911854,78.74924154671525,All Quiet on the Western Front,film,1930.0,97.2604157786411
W00764,7,7,818.039154900089,72.2269618731862,Rabbit is Rich,novel,1982,54.732313575525815
W00587,7,7,817.4863213849318,79.79119188088431,Gitanjali,novel,,
W00432,6,6,815.2487898444901,76.41451858847255,Deliverance,novel,,59.46462715105163
W00766,7,7,815.0189241342713,76.97661338335391,The Color Purple,novel,1983,60.94646271510516
W00407,7,7,814.3435428815044,69.7536726442209,The Heart Is a Lonely Hunter,novel,1940.0,95.93690248565966
W00287,10,10,810.3246531587472,61.861504973734654,The Greatest Show on Earth,film,1952.0,22.174251927269182
W00848,7,7,810.1883978802132,89.75941460838764,Jobs,film,2013.0,68.66666666666667
W00584,5,5,804.9657886610323,87.25205530609453,Nausea,novel,1938.0,73.4225621414914
W00301,7,7,801.4100283944059,75.37438158509767,Tom Jones,film,1963.0,34.95694852090463
W00289,8,8,801.2459376256732,74.38456394245802,The Hurt Locker,film,2008.0,16.040177320943602
W00427,5,5,799.876462497342,87.57745101301249,The Bridge of San Luis Rey,novel,1927.0,68.06883365200764
W00190,11,11,797.980484545682,68.20501964544968,Ice Age: The Meltdown,film,2006.0,7.661290322580646
W00853,9,9,797.939653925225,79.03310984585329,Capone,film,2020.0,14.666666666666666
W00451,6,6,797.9234632197175,72.32922012027966,Death Comes for the Archbishop,novel,,84.56022944550669
W00825,7,7,797.585414814248,77.48108452120339,Americanah,novel,2013.0,5.333333333333334
W00211,12,12,795.9367959886113,66.32806633238427,Breaking Away,film,1979.0,78.50927403149396
W00570,5,5,794.5566036366314,78.73887720501894,Doctor Faustus,novel,1947.0,80.97514340344169
W00114,9,9,789.6341158898636,68.92395121156272,Harry Potter and the Chamber of Secrets,film,2002.0,78.95952836201401
W00865,5,5,789.559245514663,79.50764245729779,Leaving Neverland,film,2019.0,52.0
W00313,6,6,789.2587027295315,79.92056585461744,Yojimbo,film,1961.0,100.0
W00347,7,7,784.9993412657896,71.00598283897496,A Man Escaped,film,1956.0,100.0
W00565,5,5,784.3668806882256,76.60712420066872,The White Man's Burden,novel,1899.0,0.7648183556405354
W00343,6,6,784.0210166783015,67.08387735286185,Playtime,film,1967.0,100.0
W00488,8,8,783.9622338265115,75.79832954842121,The Postman Always Rings Twice,novel,,88.04971319311663
W00381,8,8,782.5575686732783,86.0428373986747,Shoah,film,1985.0,100.0
W00746,6,6,782.4458864823853,79.78699737167712,The Centaur,novel,1963.0,88.04971319311665
W00520,7,7,781.5747615187643,75.48955285043569,Mrs. Bridge,novel,,100.0
W00590,7,7,780.9132376693434,75.22754568839626,Six Characters in Search of an Author,novel,1921.0,83.36520076481835
W00456,5,5,780.4832796886657,88.48634616143693,Of Human Bondage,novel,,49.90439770554494
W00651,7,7,777.4385925804264,84.41323769149695,The Way West[ab],novel,1949.0,100.0
W00502,7,7,775.7135155894294,74.85252563158053,The Confessions of Nat Turner,novel,1967.0,80.40152963671129
W00540,5,5,774.6052376979724,85.95105507979564,Ubik,novel,,100.0
W00461,6,6,767.5831045475578,84.7164133436681,A High Wind in Jamaica,novel,1929.0,0.7648183556405354
W00562,6,6,759.7346228949795,81.31501665189784,Love in the Time of Cholera,novel,1985.0,60.038240917782026
W00483,5,5,758.3050753759582,87.66813417665378,The Magus,novel,,48.18355640535373
W00545,6,6,756.7822176143801,82.53384505521196,The Clown,novel,1963.0,86.23326959847036
W00473,7,7,756.250669059127,82.1222226706849,A Bend in the River,novel,,5.640535372848948
W00755,7,7,755.7339293887146,77.79164546254462,A Crown of Feathers and Other Stories,novel,1974[b],100.0
W00356,6,6,752.527281822624,82.77051417140166,Stalker,film,1979.0,100.0
W00861,6,6,750.9010826852798,79.8463280040283,Becoming Astrid,film,2018.0,2.0
W00171,9,9,749.8629989560625,71.59149291200733,Troy,film,2004.0,48.49940377063674
W00458,7,7,748.5054413684592,84.02100793502647,Main Street,novel,,56.022944550669216
W00044,10,10,747.5739336108288,69.09947778535535,Shane,film,1953.0,51.90057361376673
W00472,4,4,743.5899804628137,92.94874755785172,Angle of Repose,novel,,
W00101,10,10,743.2359179325831,69.20429680633296,The Matrix,film,1999.0,91.79465038343716
W00468,6,6,742.5206102236054,80.46896234079055,Kim,novel,,93.88145315487571
W00482,5,5,741.9923265547772,83.93260199452723,Ironweed,novel,1983.0,44.93307839388145
W00554,7,7,740.5001528883184,79.08268736674658,Waiting for the Barbarians,novel,1980.0,
W00243,7,7,739.031195965,72.41339312439432,Her,film,2013.0,76.58961649474492
W00222,7,7,738.5121212024272,73.18215889580924,"Divorce, Italian Style",film,1961.0,77.70700636942675
W00585,5,5,728.8482637387009,82.4746276694198,Steppenwolf,novel,1927.0,30.019120458891013
W00626,7,7,726.9082329001528,74.75927461288204,So Big[d],novel,1924.0,100.0
W00561,4,4,725.8697541285072,87.03383319729713,No Exit,novel,1947.0,79.34990439770554
W00842,7,7,724.7598748170205,79.40792652328227,Lotte in Weimar: The Beloved Returns,novel,1939.0,2.0
W00323,5,5,723.5479128005779,71.58834963411651,La Strada,film,1954.0,78.52135117909496
W00376,8,8,720.2104014005774,78.5142228941435,City of God,film,2002.0,66.92160611854685
W00476,5,5,718.9043603621892,82.27974298971533,Ragtime,novel,,91.39579349904398
W00438,7,7,718.2722607074664,77.3842050751347,The Rainbow,novel,,84.7036328871893
W00878,9,9,717.9425339380048,74.46858505469659,The Prince and the Pauper,novel,1881.0,76.0
W00369,6,6,717.6714985782974,89.74195770909712,The Spirit of the Beehive,film,1973.0,100.0
W00609,7,7,715.3922155463246,79.88460174146006,The Fall,novel,1956.0,53.91969407265774
W00622,7,7,715.0487619464043,82.90336542490301,The Age of Innocence[c][12],novel,1920.0,100.0
W00279,9,9,713.4457927198198,72.94457476169265,The Bachelor and the Bobby-Soxer,film,1947.0,16.196063864768423
W00582,5,5,710.7710608358676,86.17472289525442,The Snows of Kilimanjaro,novel,1936.0,69.12045889101339
W00512,4,4,710.396947080909,78.02004254980619,Herzog,novel,1965,70.93690248565966
W00546,5,5,707.6050420421957,75.57910384801468,The Vegetarian,novel,2007.0,55.06692160611855
W00614,4,4,706.7241013102686,78.22512209922343,The Magic Mountain,novel,1924.0,83.36520076481835
W00424,6,6,705.0276730691448,78.64745618691359,A Handful of Dust,novel,,100.0
W00161,9,9,703.5530082154166,78.17255646837963,Dr. No,film,1962.0,54.660097863854105
W00216,8,8,702.3547228776389,66.86402366254873,Cimarron,film,1931.0,56.506436409250895
W00416,4,4,697.3325284799661,88.98738167855689,The Wings of the Dove,novel,,5.640535372848948
W00574,4,4,696.4986136596073,86.29329011654353,Blindness,novel,1995.0,91.8738049713193
W00533,5,5,696.4347592780747,76.51247734038485,Snow Crash,novel,,52.82026768642447
W00387,10,10,693.7453690169567,62.4033530265854,Central Station,film,1998.0,67.27214786488209
W00384,7,7,692.5095650656704,73.83575659591268,Naked,film,1993.0,96.23964308476737
W00835,7,7,690.5715169520806,76.76161193473968,Finding Neverland,film,2004.0,93.33333333333331
W00346,5,5,689.1070206722889,78.38127280341006,Pickpocket,film,1959.0,86.04206500956023
W00428,5,5,687.7220654662017,84.71871935190808,Howards End,novel,,47.22753346080306
W00367,6,6,687.4026811313537,81.63410148242652,Raise the Red Lantern,film,1991.0,100.0
W00238,9,9,686.5641128984288,70.2407694364401,Grand Hotel,film,1932.0,65.1800611367539
W00412,6,6,682.6286869147747,70.50794767919099,Appointment in Samarra,novel,,100.0
W00489,6,6,680.7242387531426,82.27672265578377,The Ginger Man,novel,,
W00563,4,4,680.6582627499388,86.94443778002966,A Happy Death,novel,1971.0,
W00549,5,5,676.9268294805795,81.01646129939743,No One Writes to the Colonel,novel,1961.0,
W00751,4,4,676.5855130045535,85.20086151181434,Mr. Sammler's Planet,novel,1971,100.0
W00612,5,5,673.4406045357749,79.51581095405702,And Quiet Flows the Don,novel,1928.0,
W00168,6,6,672.1463070052835,78.09507151698232,Amélie,film,2001.0,39.63074898743806
W00471,5,5,669.4104101500715,80.83472601322637,The Adventures of Augie March,novel,1953.0,100.0
W00818,7,7,668.6689756457569,83.84200450591405,"Julie, or the New Heloise",novel,1761.0,36.0
W00606,5,5,667.7695852290974,80.43031398755178,Snow,novel,2002.0,98.66156787762908
W00316,4,4,667.0640290885085,71.98037014816528,Late Spring,film,1949.0,100.0
W00815,6,6,662.5735510164602,84.24748104143809,The Poverty of Philosophy,novel,1847.0,41.333333333333336
W00519,6,6,659.298677871631,81.44341493336496,Money,novel,,97.13193116634798
W00475,4,4,655.2527330227456,83.65380395228689,Lord Jim,novel,1933.0,62.33269598470363
W00385,5,5,647.257018663898,91.73773438638088,Yi Yi,film,2000.0,100.0
W00450,6,6,646.7922725981936,78.12405710890316,The Moviegoer,novel,1962,66.92160611854685
W00365,5,5,644.8833809123407,73.75973733103972,In the Mood for Love,film,2000.0,100.0
W00366,5,5,644.8833809123407,73.75973733103972,Chungking Express,film,1994.0,100.0
W00228,8,8,643.6334025454745,80.45417531818431,Father Goose,film,1964.0,41.64332428054706
W00410,6,6,640.746818092331,76.00107396598706,Native Son,novel,,78.39388145315488
W00631,7,7,639.0543583455043,78.58341899720388,Laughing Boy[h],novel,1929.0,100.0
W00446,4,4,637.599857648806,81.0873653591036,The Maltese Falcon,novel,,63.5755258126195
W00466,6,6,637.121954652788,78.54522049661186,The Prime of Miss Jean Brodie,novel,,87.18929254302103
W00603,6,6,636.8888413969664,78.58912513007844,The Second World War,novel,2012.0,17.686424474187383
W00305,7,7,633.3504754339033,71.80854752078338,Woman of the Year,film,1942.0,9.097745734432658
W00820,4,4,629.5348154277704,89.56788031911655,Down and Out in Paris and London,novel,1933.0,36.0
W00767,6,6,626.3111798105249,74.06086228388301,The Collected Stories of Eudora Welty,novel,1983,100.0
W00845,4,4,620.1636152456225,85.07097318535392,March of the Penguins,film,2005.0,72.66666666666667
W00213,7,7,614.9007045067057,74.66760128290991,Cavalcade,film,1933.0,47.69427969455981
W00789,6,6,613.3001997413578,87.00703566148952,Tree of Smoke,novel,2007,100.0
W00773,4,4,610.0187363886255,88.27539295619981,Middle Passage,novel,1990.0,80.40152963671129
W00139,7,7,606.0352950615048,69.51238642609353,300,film,2006.0,69.73185098377844
W00882,6,6,602.7685538807134,84.0891775036384,The Wind-Up Bird Chronicle,novel,1994.0,31.333333333333336
W00738,4,4,598.2483805286654,84.05678756924749,A Fable,novel,1955,90.05736137667304
W00422,5,5,594.3662775915884,88.19667118874497,The Golden Bowl,novel,,34.03441682600382
W00218,8,8,592.6969742148327,74.08712177685409,Crash,film,2004.0,85.28333597203786
W00345,4,4,591.1256832897591,77.76053417505194,Au Hasard Balthazar,film,1966.0,100.0
W00440,5,5,590.3407185348515,88.98523650146039,Tropic of Cancer,novel,,60.18164435946463
W00838,4,4,590.1123037420685,84.14071091726382,Enchiridion of Epictetus,novel,,24.0
W00783,6,6,587.4371708992466,79.38355523454419,In America,novel,2000,100.0
W00752,5,5,586.5795194256749,67.85361616444888,The Complete Stories[a],novel,1972,100.0
W00373,5,5,586.2042703235929,77.66743913654983,Grave of the Fireflies,film,1988.0,100.0
W00632,7,7,585.2188572833624,83.6026938976232,Years of Grace[i],novel,1930.0,100.0
W00494,6,6,578.2799578658903,82.00841150472174,At Swim-Two-Birds,novel,1939.0,100.0
W00411,4,4,578.2795791655439,77.40548963491298,Henderson the Rain King,novel,1959.0,
W00604,3,3,576.751700232474,80.49339457828249,Thérèse Desqueyroux,novel,1927.0,
W00529,5,5,573.8431016911038,70.66924833544348,"Rabbit, Run",novel,,80.40152963671129
W00873,5,5,569.7177426866343,79.34228780084999,Berlin Alexanderplatz,novel,1929.0,36.0
W00703,7,7,568.3097002874295,81.18710004106136,Sacred Hunger,novel,1992.0,100.0
W00267,7,7,562.1981490681019,80.31402129544313,Patton,film,1970.0,62.989124477840974
W00676,5,5,558.4189886663767,72.60761555954136,The Killer Angels,novel,1974.0,52.82026768642447
W00810,4,4,558.4001571071742,69.80001963839678,Bad Luck Banging or Loony Porn,film,2021.0,48.0
W00270,6,6,556.738538041782,70.967451002072,Princess O'Rourke,film,1943.0,37.57961783439491
W00643,7,7,554.1414784239068,79.16306834627241,In This Our Life[t],novel,1941.0,100.0
W00875,5,5,552.0036230889837,81.25574062925463,World Trade Center,film,2006.0,56.66666666666666
W00858,3,3,551.8946823868432,91.98244706447387,Rosa Luxemburg,film,1986.0,14.666666666666666
W00685,7,7,551.7692165817549,78.82417379739356,The Siege of Krishnapur,novel,1973.0,100.0
W00433,6,6,550.348324137037,91.72472068950617,A Dance to the Music of Time,novel,,100.0
W00837,4,4,544.8778522773064,78.22512209922343,The Magic Mountain,novel,1924.0,86.0
W00580,3,3,531.8401108114504,84.96733405692069,Snow Country,novel,1935.0,
W00263,4,4,531.3711397280558,78.17406902017392,Nomadland,film,2020.0,48.902095943296274
W00579,4,4,529.938849757312,85.52874885106067,Voices from Chernobyl,novel,1997.0,
W00271,6,6,527.6286180538466,59.883621755058805,Promising Young Woman,film,2020.0,35.48854599261975
W00339,6,6,525.3359250598066,75.25530699449709,The Battle of Algiers,film,1966.0,100.0
W00750,4,4,524.2526678200968,74.33016408873749,them,novel,1970,91.20458891013384
W00386,4,4,521.3464644461098,77.51316556020392,A Brighter Summer Day,film,1991.0,100.0
W00729,5,5,520.7092208530804,74.23211972719683,"Girl, Woman, Other",novel,2019.0,100.0
W00573,4,4,519.6196785694303,71.82646809161682,The Tin Drum,novel,1959.0,25.04780114722753
W00869,6,6,518.9668242184969,72.62637677248036,Remember Me,film,2010.0,72.66666666666667
W00280,6,6,515.732875326072,77.25496068337628,The Broadway Melody,film,1929.0,13.328603962928232
W00437,4,4,515.4850199160854,78.08646394310375,Nostromo,novel,,
W00302,4,4,515.4093317963574,83.13710198669303,Wilson,film,1944.0,43.56176395367247
W00819,5,5,508.753600561711,82.44834576216243,Courage Under Fire,film,1996.0,48.0
W00881,5,5,507.68063090265633,72.6494877838694,Jacques the Fatalist,novel,1796.0,41.333333333333336
W00518,6,6,506.6712027236848,84.44520045394746,The Man Who Loved Children,novel,,100.0
W00296,6,6,506.57982792997905,72.30528171873665,The Seventh Veil,film,1945.0,10.191082802547772
W00333,5,5,506.3285991930147,66.05670021004698,Metropolis,film,1927.0,89.42001274697259
W00550,4,4,502.6528226571704,85.20164340605206,Tonio Kröger,novel,1903.0,
W00855,5,5,502.3844304235957,84.0678497508196,Pale Blue Dot,novel,1994.0,5.333333333333334
W00637,6,6,500.6504215371562,83.44173692285936,Honey in the Horn[n],novel,1935.0,100.0
W00741,5,5,499.18971731249513,80.24051810600113,The Wapshot Chronicle,novel,1958,100.0
W00453,5,5,499.18971731249513,80.24051810600113,The Wapshot Chronicles,novel,,
W00210,7,7,496.1053395003354,70.87219135719077,Battleground,film,1950.0,46.13115173362887
W00721,6,6,493.81196117797975,59.40666662383748,Bring Up the Bodies,novel,2012.0,100.0
W00429,4,4,490.2505813473495,88.78728955807021,Go Tell It on the Mountain,novel,,89.19694072657744
W00647,6,6,490.05374794457,81.67562465742833,Not awarded[x],novel,1945.0,100.0
W00621,6,6,490.05374794457,81.67562465742833,Not awarded[b],novel,1919.0,100.0
W00642,6,6,490.05374794457,81.67562465742833,Not awarded[s],novel,1940.0,100.0
W00553,3,3,487.19932315178573,77.84044815088168,The Lost Honour of Katharina Blum,novel,1974.0,
W00350,5,5,484.4563485470712,62.5985307119707,Belle de Jour,film,1967.0,100.0
W00717,5,5,482.36603905225445,77.66188619361532,The White Tiger,novel,2008.0,100.0
W00648,5,5,479.82649056084,77.91063242836908,All the King's Men[y],novel,1946.0,100.0
W00583,3,3,479.57271550831007,94.89481466862922,Existentialism and Humanism,novel,1946.0,
W00672,4,4,473.6200425833093,77.76053417505194,Not awarded[au],novel,1970.0,100.0
W00513,3,3,472.27575965536494,95.17243661514776,Housekeeping,novel,,100.0
W00336,6,6,467.33861283465365,65.58908829030493,Blow-Up,film,1966.0,83.74760994263862
W00335,6,6,467.33861283465365,65.58908829030493,L'Avventura,film,1960.0,100.0
W00135,5,5,466.5770957860627,79.78182499289174,Pirates of the Caribbean: Dead Man's Chest,film,2006.0,42.471576307078685
W00252,5,5,465.4018171070447,74.64727392933405,Marie-Louise,film,1944.0,31.372166944745526
W00867,5,5,463.5319999484519,73.46951853749579,Q622634,novel,1863.0,72.66666666666667
W00247,6,6,462.1096102658968,77.01826837764946,Juno,film,2007.0,55.74953416716396
W00504,4,4,460.11687042116364,73.71455620002702,The Crying of Lot 49,novel,,67.01720841300191
W00063,5,5,459.6593737055703,68.9591479829621,Network,film,1976.0,54.21850503180654
W00362,3,3,458.91975523634056,75.70624156390757,The Double Life of Veronique,film,1991.0,100.0
W00363,3,3,458.91975523634056,75.70624156390757,Three Colors: Red,film,1994.0,100.0
W00501,5,5,458.68504220967077,75.09529572521123,Call It Sleep,novel,,100.0
W00765,5,5,451.90017545420403,72.62310383152655,"So Long, See You Tomorrow",novel,1979.0,100.0
W00187,6,6,451.7421201977206,75.29035336628677,The Hunger Games,film,2012.0,12.701741400933408
W00530,3,3,447.6919587475922,91.07513646385229,The Recognitions,novel,,100.0
W00008,2,2,443.14747247609387,88.21273852299203,Vertigo,film,1958.0,84.62332695984703
W00169,6,6,442.08871993191906,73.68145332198651,Wreck-It Ralph,film,2012.0,22.17279343736508
W00786,3,3,442.0777739446995,89.87264551731289,The News from Paraguay,novel,2004,100.0
W00481,3,3,437.4503600426083,77.5687738188341,Tobacco Road,novel,,64.24474187380497
W00761,4,4,435.78452111008295,69.99205013631332,The World According to Garp,novel,1980,71.51051625239006
W00497,4,4,431.3755439514137,78.29744469382727,The Berlin Stories,novel,,100.0
W00754,4,4,430.645336881952,77.01253673711743,Augustus,novel,1973[b],85.75525812619503
W00712,3,3,429.0994256055819,80.17222408269447,Vernon God Little,novel,2003.0,100.0
W00826,3,3,427.8738782331775,87.12400810640749,Extremely Loud & Incredibly Close,novel,2005.0,14.666666666666666
W00692,4,4,425.9932669340985,82.57592920951258,Offshore,novel,1979.0,73.51816443594646
W00745,6,6,425.4914878475548,70.91524797459248,Morte d'Urban,novel,1963,100.0
W00417,3,3,422.6874362827532,89.76817154496324,The Ambassadors,novel,,
W00670,3,3,411.70891040164145,84.59282248923815,House Made of Dawn[as],novel,1968.0,100.0
W00781,4,4,411.5109657204801,79.16019882880317,Charming Billy,novel,1998,100.0
W00378,5,5,410.66710128084844,82.13342025616969,The Earrings of Madame de...,film,1953.0,100.0
W00646,5,5,409.8735415211691,68.15782512531766,A Bell for Adano[w],novel,1944.0,100.0
W00382,3,3,406.1850760095304,76.73739210839871,Z,film,1969.0,98.8527724665392
W00191,5,5,400.5215100073857,80.10430200147714,The Mummy,film,1999.0,28.80301815415613
W00748,3,3,399.36040258590634,78.60252785644349,The Eighth Day,novel,1968,100.0
W00847,5,5,393.9329080493073,78.78658160986146,Gaga: Five Foot Two,film,2017.0,11.333333333333332
W00630,4,4,392.134326150924,75.21908509462583,Scarlet Sister Mary[g],novel,1928.0,100.0
W00636,4,4,392.134326150924,75.21908509462583,Now in November[m],novel,1934.0,100.0
W00634,4,4,392.134326150924,75.21908509462583,The Store[k],novel,1932.0,100.0
W00477,4,4,390.77084857952843,60.9167426784746,The Old Wives' Tale,novel,,13.193116634799235
W00624,3,3,384.6645286662263,77.7261940396092,One of Ours,novel,1922.0,100.0
W00233,5,5,383.4488653883199,76.68977307766399,Ghost,film,1990.0,75.82236241185711
W00736,5,5,383.2129554696085,76.64259109392171,The Man with the Golden Arm,novel,1950,87.18929254302103
W00578,2,2,381.3550854239796,94.11721717018887,Chronicle of a Death Foretold,novel,,
W00739,4,4,378.32390544994166,62.9184700648717,Ten North Frederick,novel,1956,52.82026768642447
W00551,2,2,376.5583313254609,77.27529146081238,Demian,novel,1919.0,
W00709,4,4,371.98959202437106,92.99739800609277,Amsterdam,novel,1998.0,93.59464627151053
W00744,3,3,370.46708597860487,93.06970006872807,The Waters of Kronos,novel,1961,100.0
W00795,4,4,370.12983937349554,76.42709018312772,The Good Lord Bird,novel,2013.0,100.0
W00589,2,2,369.32222042603604,91.20043955247186,Fate of a Man,novel,1956.0,
W00674,4,4,368.7268144102404,69.50969851885858,The Optimist's Daughter,novel,1972.0,100.0
W00700,4,4,368.6039670470086,75.8067960997868,Oscar and Lucinda,novel,1988.0,100.0
W00757,3,3,365.7204987245726,91.48750431738397,J R,novel,1976,100.0
W00419,3,3,361.9958223138216,75.54230134770704,The Studs Lonigan Trilogy,novel,,
W00715,5,5,357.3896905098083,71.47793810196166,The Inheritance of Loss,novel,2006.0,100.0
W00183,4,4,351.97904044599534,87.99476011149883,Coco,film,2017.0,41.13340118012295
W00794,4,4,349.75243187716245,75.60650233104073,The Round House,novel,2012,100.0
W00013,2,2,347.9268718382966,83.66691753502255,Psycho,film,1960.0,60.238597113427495
W00719,3,3,344.8652595632175,83.05856982238976,The Finkler Question,novel,2010.0,100.0
W00800,3,3,343.7606719361784,86.85070278418793,The Friend,novel,2018,87.76290630975143
W00402,3,3,341.87670044541994,88.45594660272873,The Way of All Flesh,novel,,11.567877629063098
W00724,3,3,336.5279934543249,82.58127562571696,A Brief History of Seven Killings,novel,2014.0,100.0
W00226,5,5,334.7339206299903,66.94678412599805,Everything Everywhere All at Once,film,2022.0,54.2783549098172
W00505,2,2,332.8622187402369,71.22159928800045,A Death in the Family,novel,,100.0
W00285,3,3,327.4830427246354,86.05792502301675,The Great McGinty,film,1940.0,18.471337579617835
W00769,4,4,327.1969975388758,81.79924938471895,World's Fair,novel,1985.0,76.8642447418738
W00827,3,3,326.718785702721,79.25952575277448,Tchaikovsky,film,1970.0,31.333333333333336
W00774,3,3,325.8022382648321,78.18141749747048,Mating,novel,1991,75.14340344168261
W00735,3,3,318.9963756229952,78.81203102700225,Flesh,novel,1960.0,92.63862332695984
W00215,4,4,316.295190093942,79.0737975234855,Chicago,film,2002.0,86.49328348211567
W00720,4,4,313.2542157395499,78.31355393488748,The Sense of an Ending,novel,2011.0,100.0
W00645,4,4,312.03940829063754,78.00985207265938,Journey in the Dark[v],novel,1943.0,100.0
W00628,4,4,310.9118384352404,77.7279596088101,Early Autumn,novel,1926.0,100.0
W00678,2,2,295.94660298221925,73.98665074555481,Not awarded[ay],novel,1976.0,100.0
W00698,3,3,288.7456804038559,65.20221885016566,The Old Devils,novel,1986.0,100.0
W00623,2,2,285.6025524955202,69.73924920547009,Alice Adams,novel,1921.0,69.12045889101339
W00434,2,2,284.85397999676377,67.28301607455626,Point Counter Point,novel,1928.0,
W00675,3,3,281.3459202474655,93.78197341582182,Not awarded[aw],novel,1973.0,100.0
W00608,1,1,280.38201198163847,93.46067066054616,Disgrace,novel,1999.0,56.118546845124285
W00784,2,2,279.39066084723106,69.84766521180777,Three Junes,novel,2002.0,50.38240917782026
W00804,2,2,278.85591679918315,92.52847564290096,The Rabbit Hutch,novel,2022,100.0
W00569,1,1,274.8358212023967,91.61194040079889,"For sale: baby shoes, never worn",novel,,
W00597,1,1,274.8358212023967,91.61194040079889,Across the River and into the Trees,novel,1950.0,
W00435,1,1,274.8358212023967,91.61194040079889,The Sun Also Rises,novel,,60.80305927342256
W00788,2,2,273.29626072537684,91.13856162444938,The Echo Maker,novel,2006.0,100.0
W00188,2,2,272.19910234521143,75.03065189099597,Shakespeare in Love,film,1998.0,36.03229018075847
W00605,1,1,271.839259316891,90.61308643896366,Fatelessness,novel,1975.0,
W00661,2,2,271.8142248432086,67.95355621080215,Advise and Consent[al],novel,1959.0,100.0
W00379,1,1,270.8895551523773,90.29651838412576,The 39 Steps,film,1935.0,89.7068196303378
W00474,3,3,268.2312379165666,89.41041263885553,The Death of the Heart,novel,,100.0
W00283,3,3,266.8009567315916,88.93365224386388,The Defiant Ones,film,1958.0,16.59582759922544
W00681,2,2,266.3150218951604,84.68289309811979,Something to Answer For,novel,1968.0,100.0
W00234,3,3,265.93226223906146,88.64408741302049,Gigi,film,1958.0,80.85761956376125
W00785,2,2,262.90212228383126,82.68236297418845,The Great Fire,novel,2003,54.732313575525815
W00772,2,2,258.8964856354918,87.5386178519781,Spartina,novel,1989,100.0
W00677,1,1,258.70982004737846,86.23660668245948,Humboldt's Gift[ax],novel,1975.0,100.0
W00770,3,3,254.13559969536414,84.71186656512138,Paco's Story,novel,1987,100.0
W00664,1,1,250.40561134726903,83.46853711575635,The Reivers[ao] (posthumously),novel,1962.0,100.0
W00444,1,1,250.40561134726903,83.46853711575635,Light in August,novel,,65.86998087954112
W00503,3,3,248.844264163167,82.948088054389,The Corrections,novel,2001,70.84130019120458
W00776,2,2,247.40669394076502,84.66616992829643,The Shipping News,novel,1993,67.01720841300191
W00771,2,2,246.81607494002358,84.51851517811107,Paris Trout,novel,1988,100.0
W00666,3,3,245.63774220184132,81.87924740061378,The Keepers of the House,novel,1964.0,100.0
W00633,1,1,244.2938324726769,81.4312774908923,The Good Earth[j],novel,1931.0,100.0
W00290,1,1,243.22800198909184,81.07600066303061,The Last Emperor,film,1987.0,16.407058737562565
W00441,1,1,241.19481500870882,80.39827166956961,The Naked and the Dead,novel,1948.0,26.481835564053537
W00803,2,2,239.77339520076032,82.81300212881203,Hell of a Book,novel,2021.0,100.0
W00791,3,3,239.56184823645668,79.85394941215223,Let the Great World Spin,novel,2009.0,100.0
W00797,3,3,239.51782950160347,79.8392765005345,Fortune Smiles,novel,2015,100.0
W00778,1,1,237.2227636845588,79.0742545615196,Sabbath's Theater,novel,1995,100.0
W00790,2,2,236.88927218318278,74.88712118733307,Shadow Country,novel,2008,100.0
W00420,3,3,236.37641189695586,78.79213729898528,The Good Soldier,novel,,
W00447,3,3,236.37641189695586,78.79213729898528,Parade's End,novel,,
W00799,3,3,235.58785818321633,78.52928606107211,"Sing, Unburied, Sing",novel,2017.0,100.0
W00796,3,3,235.47487163598075,78.49162387866025,Redeployment,novel,2014,52.82026768642447
W00711,3,3,233.21985269545652,77.7399508984855,Life of Pi,novel,2002.0,79.68451242829828
W00802,2,2,231.65375941709533,77.96090384991673,Interior Chinatown,novel,2020,100.0
W00220,3,3,221.2437855396638,73.74792851322127,Darling,film,1965.0,67.6291848838767
W00445,1,1,219.92629582494544,73.30876527498181,On the Road,novel,2003.0,85.32504780114724
W00747,2,2,219.6368251345269,67.02546611322805,The Collected Stories of Katherine Anne Porter,novel,1966,100.0
W00490,1,1,219.18608112687002,73.06202704229001,The Magnificent Ambersons,novel,1918.0,56.83556405353728
W00665,2,2,218.6650645274402,70.29535522163401,Not awarded[ap],novel,1963.0,100.0
W00663,3,3,217.33380929086508,72.44460309695502,The Edge of Sadness[an],novel,1961.0,100.0
W00527,3,3,212.2212841366273,70.74042804554243,Possession,novel,1990.0,75.20713830465264
W00465,1,1,211.56947655035088,70.52315885011696,Scoop,novel,1938.0,85.08604206500956
W00689,2,2,196.23128964410478,67.1619600353559,Saville,novel,1976.0,100.0
W00851,2,2,190.72808079510776,95.36404039755388,Quiet Night Thought,novel,745.0,11.333333333333332
W00768,2,2,188.79538210787504,94.39769105393752,Victory Over Japan: A Book of Stories,novel,1984,100.0
W00163,1,1,188.0776561389607,62.69255204632023,12 Years a Slave,film,2013.0,47.10937981866403
W00620,2,2,187.04822296284362,93.52411148142181,His Family[a],novel,1917.0,100.0
W00639,2,2,185.84734836012524,92.92367418006262,The Late George Apley[p],novel,1937.0,100.0
W00807,2,2,183.34101574114567,91.67050787057283,The True True Story of Raja the Gullible (and His Mother),novel,2025,100.0
W00782,2,2,177.45161870774342,88.72580935387171,Waiting,novel,1999,54.44550669216061
W00686,2,2,177.22440460331126,88.61220230165563,The Conservationist,novel,1974.0,100.0
W00704,2,2,169.5746496564966,84.7873248282483,Paddy Clarke Ha Ha Ha,novel,1993.0,52.82026768642447
W00801,2,2,163.67453626973952,81.83726813486976,Trust Exercise,novel,2019,100.0
W00762,2,2,160.3134716083025,80.15673580415125,Plains Song: For Female Voices,novel,1980.0,100.0
W00486,1,1,148.16187934754586,49.38729311584862,Sophie's Choice,novel,1979.0,81.40535372848949
W00669,1,1,148.16187934754586,49.38729311584862,The Confessions of Nat Turner[ar],novel,1967.0,100.0
W00177,2,2,144.71180676040788,72.35590338020394,Peter Pan,film,1953.0,41.08919796870824
W00659,1,1,143.92746476470538,47.97582158823513,A Death in the Family[aj] (posthumously),novel,1957.0,100.0
W00650,2,2,142.26728687822794,71.13364343911397,Guard of Honor[aa],novel,1948.0,100.0
W00792,2,2,111.81788761574322,55.90894380787161,Lord of Misrule,novel,2010,100.0
W00658,1,1,95.25802829602526,95.25802829602526,Not awarded[ai],novel,1956.0,100.0
W00857,1,1,91.90850385124097,91.90850385124097,Senna,film,2010.0,24.0
W00671,1,1,91.25798577242068,91.25798577242068,Collected Stories[at],novel,1969.0,100.0
W00779,1,1,91.25798577242068,91.25798577242068,Ship Fever and Other Stories,novel,1996,100.0
W00805,1,1,83.20856358361466,83.20856358361466,Blackouts,novel,2023,100.0
W00697,1,1,81.06960887380228,81.06960887380228,The Bone People,novel,1985.0,100.0
W00832,1,1,44.42411236327609,44.42411236327609,Messi,film,2014.0,8.666666666666668
